trainrangeinyears,diff
8,-0.23436094480368
3,0.039219462418459
2,-0.2673980353931
4,-0.9277045156425
1,0.0380662117763223
8,0.533043530613299
3,-0.042426012122024
7,0.54449688291127
3,3.04651850252744
3,1.40735493394219
8,-0.11268994430334
11,0.54967722946221
5,2.76074484038861
1,-0.46504555104935
1,0.0168324879584271
8,0.33629318905506
6,1.52725330505561
4,1.97385407626878
3,1.81671498808769
3,-0.1716998528918
4,0.45478962383223
1,-0.77627057498158
3,2.10122358931236
1,-0.0564289344118905
1,-0.0148882042243499
4,2.9365358381377
6,1.85803365092782
4,2.64428339385951
10,-0.27552377326554
4,0.027312062847378
1,0.019615630428901
6,1.15063068646975
3,3.33377347796934
5,-0.39634668918365
3,3.30324167510249
6,3.50400181774585
2,0.0511767956449201
2,1.99121010066396
4,0.432266475381269
4,-0.531528489103538
5,0.0470084363010415
2,2.8085797903244
1,-1.76575048830154
1,0.202115506185138
5,3.4632382417294
2,0.383000573702593
2,1.69592474575776
2,0.59707814572846
1,-0.11304548431044
1,1.59573087904802
5,0.178036584593631
2,-0.45529006450157
2,-21.7870392922861
5,-0.136285562705797
2,1.06972472245759
1,7.05017331205141
1,-0.44525826660892
4,2.32021685656208
1,-0.008561344406743
5,1.90840924440945
4,-0.20643814496636
2,0.0017218206647544
2,6.16992826331811
2,0.52283847312135
8,1.1717915645375
3,0.75060285933005
2,0.82275367576276
2,9.91744010603244
2,0.041161654971382
1,4.19402565094387
4,-0.244544592080378
2,0.02533008945503
2,0.0262859345012898
3,0.021395132087918
1,-0.04701019468075
8,3.21957156349222
1,0.024039347218104
4,-0.14171867118608
3,-0.78608062246832
2,0.21978263287915
5,3.3107962305331
2,6.354445824573
2,-0.0586420265156661
4,0.25293512057116
5,1.51520936488547
4,0.27942320444575
9,0.10008249317889
4,0.82732522909976
4,0.1994985760819
4,0.00230541982048799
1,-0.0189783754947204
1,-0.72617738005399
2,-0.033210429175742
7,-0.0413570705669599
1,0.02733919325713
3,0.67885014331743
1,4.12551770706707
9,0.10552035349659
9,0.15414947863731
1,-3.364462330739
1,0.02620917060568
3,2.36920454664532
1,-3.79193600460465
6,0.000306262432552801
1,8.60926726242374
2,0.2174542437999
4,0.00789187317076301
2,6.93478280603345
3,0.93841561737348
4,-0.390451912032838
1,-0.00684341925426998
8,0.911255683513525
1,0.22435384359956
3,0.4529100453581
1,-1.25315753852658
8,1.84789063394471
2,-1.35815713468057
5,1.62115090239988
7,-0.0306309425648701
1,-0.0491069163090305
4,2.35428132364672
1,-0.396259076320649
4,1.48992226376709
1,-1.65786137815478
5,1.86827070617153
5,0.067724631467769
3,0.434584148093112
1,3.08135370969186
6,1.08426003326876
1,-3.73470663456274
1,0.331627066824534
1,12.1935533839808
1,22.4127219600927
7,-0.28558551410638
2,1.87781059682965
5,4.72699175113179
5,0.20147209144742
6,-0.05074290571824
11,-0.0513669153556697
3,1.5203863555953
6,0.2743950506668
1,4.50838056992208
6,0.239097155878436
3,0.50980510376958
5,0.9585743612098
4,0.055817346126686
1,-0.0436991448058113
5,0.724612131668982
5,-1.14468024020001
1,22.3858851152191
3,0.24500201642941
1,-0.26226535768966
1,-0.75036531337902
2,-0.0262218006783801
2,3.10527778291335
1,1.33269065620634
5,-0.015601417170561
2,1.67702724361014
1,-18.564453375817
3,0.024127464378456
4,-0.51452335184047
2,0.449726420694113
6,0.85270456555727
8,2.15244670055669
1,-0.3543232528058
2,13.8975591220944
1,8.32219888023346
5,1.93518923294903
1,-4.40360677285643
2,-0.2508741639089
1,-0.444692347239313
2,0.822840150600194
3,0.81657169966463
2,1.4767415055522
1,-0.66413671815709
5,-0.00877357726773498
2,-0.0952705684661399
1,-0.00261556389953799
4,1.18763435809103
4,2.91930748311399
3,-0.32854837067031
2,-1.93661597798377
9,0.02904679924929
3,1.75727881375104
2,-0.0286965806733699
1,0.018699238969073
2,6.02680362526734
2,-0.0278491776605186
1,-0.588833378226
2,2.91617992580043
1,0.98454362289122
5,0.30329363235851
1,0.042311514228647
1,-0.17701754837815
3,-0.0361065289663414
1,-0.20696253652545
8,2.89281294332559
1,0.36815312526105
2,4.15272188353756
1,0.14075338635898
5,-0.183898333502121
4,0.0060881969763417
7,0.0507413437966
3,0.717789643372162
5,0.08485310216348
8,0.96912300903274
1,9.73164756918032
1,-0.18522541891151
1,0.22059176957848
2,0.500554917198841
2,-0.136587356378035
2,-0.036362519145368
1,11.3944390897954
10,-0.21185265648656
1,6.23902040211176
2,3.07629286192005
5,-0.18188697809229
4,-0.15399050454545
3,1.37071743094733
3,-6.0988193914746
1,-0.0010228526750456
3,0.43662491186897
5,0.13702584052527
3,3.13542943797829
3,0.0806948506822303
3,3.21817485552915
3,0.15603277904195
1,-1.12054186884967
2,1.67665801248025
1,-0.037372664886581
2,0.010653194674459
1,-4.00230250657406
3,3.14053384721781
2,3.91825802884364
2,1.4168647702248
2,0.949222455886883
4,0.007107813032798
1,-0.20897064393679
3,0.367853702076793
1,0.0260027807739937
6,-0.08447581609323
4,5.10075816527605
1,0.042434366801697
2,1.45345067187009
5,0.00473988687628701
2,0.0098485586654258
2,0.834582026679779
1,18.7655254342401
2,0.90244874021492
6,-0.4451545759631
2,0.50958709745572
3,2.0878230837562
3,0.9123325701923
3,0.25187661664622
1,1.61748063378287
1,-0.28090761899997
4,-0.89218901568931
2,3.95336785907502
4,-0.193983039257116
8,-0.15737453530938
1,0.91628378317402
2,-7.48884632179131
2,5.84248061348869
2,2.90035507242015
2,2.50262402507751
1,-0.15805115973912
1,3.89008054232964
2,2.52248379127162
5,1.83351708012454
4,4.67401513496395
3,1.61693904497691
4,1.83134603034849
2,0.210169960082699
4,1.64529001790746
1,-0.3979294247662
1,2.41543718783858
4,-4.27721200421334
11,0.79000392976782
1,-2.04546472799838
2,-0.360004335887099
1,5.74291432135843
5,2.49901922997357
3,2.74220594229023
2,-0.124222739283013
6,1.03323472342724
2,3.03317905098033
5,2.5836295332485
7,0.38398816514388
1,-0.572270484616101
3,1.06418582952706
8,0.54512328984626
5,0.03112532352
1,0.03713596812532
5,0.00649709789243602
1,-30.8251049596144
2,-0.026401150099634
1,8.49386176095536
2,3.29379443350158
2,0.053778139126358
6,0.76429241248448
3,0.010186352289818
4,3.65505976538619
1,0.45458974906403
3,-1.57292606436957
3,1.95201130572222
3,0.63498490414619
5,0.00483538782107107
1,-0.3168278863225
6,0.22033740087176
3,2.86814786862882
1,0.034477677394394
2,1.15428058198276
1,0.05387458495056
3,2.98796863424168
4,2.58801673829622
1,-0.29634378838695
1,-0.0711114217265596
3,-0.0539352510607998
4,-11.5539989421904
3,0.12542203622661
3,0.525833328847356
1,-0.01348125576586
9,0.51323375342137
3,-0.320683858065943
1,0.076858429872913
3,2.79418429985691
1,0.022161839492865
5,2.56555736022631
3,4.98873324284776
2,0.051197188056596
2,23.2444764873706
3,-0.019327168219456
3,0.63582113965083
1,-0.51480697221152
2,-0.58208487625613
5,0.633170093384
3,2.86451692773963
1,-0.544539577761641
5,1.80106392789796
7,-0.11401645299969
3,2.22258603284639
9,-0.33513526245588
5,0.005141954020437
8,1.55637511719264
1,-0.29476188012698
3,-0.73990817049359
2,-0.44741425181059
6,-0.24657521215479
1,2.49798668492333
6,-0.14763338925243
1,-0.38529684093369
3,0.47260732572293
3,1.06403018543078
7,-0.26298975706701
5,0.00510722851297196
3,-1.26075836178966
3,0.028808529002864
7,-0.14323215851006
1,0.49444866565824
3,0.00660422319187015
4,1.86802117625243
1,-0.13551320878521
1,-0.131630086206588
1,-0.42754878682379
1,6.50937122512504
5,0.286955143072185
1,0.563833382266904
1,7.1037752352309
6,-0.000199193201577019
2,1.44010213445332
1,-1.40284420307598
2,2.6386101263864
7,-0.28253074085866
3,-1.34875947186002
4,0.515485530979149
2,0.9845383575263
2,1.05529446791066
7,-0.0631146476303099
2,1.32756993301797
4,0.7748407835778
4,-0.28928806686376
1,0.2509392077069
1,0.422426420667335
4,0.0040350966289436
4,0.114162078448586
3,2.77474094002539
4,-0.641266070350802
3,3.49657228038992
1,-0.14621701891679
2,2.40570970456264
3,-0.01586270137908
4,-1.05328857740619
1,-0.168906941077304
2,-2.82649027723183
4,0.005193119189203
11,1.69117771618875
1,-0.32908839894466
6,1.50430399917007
2,-0.0249435568154901
2,0.0352108686916801
4,2.36297442101655
1,-1.73880949585297
2,1.94291319619964
2,0.0021295495714951
1,-1.59412267862999
4,-1.346459246466
1,0.79326479245628
2,1.01999113686478
4,2.43559596245958
3,1.16563997801144
2,-10.3677435173322
4,-0.33433659687364
1,-0.87148615888749
1,-0.2490171442135
1,-4.18669738162539
2,0.171240278697836
3,0.693131804688234
5,0.198069549948706
5,-0.039771358568656
1,0.43274297959716
1,1.51814856555433
3,3.07986875476147
5,1.50187110696328
3,4.21239020879069
2,0.95086276020185
5,-0.1864937398246
3,0.61396430603391
1,-0.000624596052475498
7,-0.0732124353485899
4,1.6223560206249
1,-0.979707384018879
3,0.35176912055388
5,0.00421026083031299
6,0.5035592001906
4,0.0062687451271942
1,0.091710882597944
4,2.42543084223795
2,-0.0424525442034702
5,-0.28788479056418
4,2.06092753011009
2,6.79937069487425
3,0.12931810607672
1,-0.0197159375972745
4,1.47339052028053
1,0.00567418243341549
5,1.56483463279952
5,-0.48622358932467
1,3.61733340525552
4,0.0486651345958198
1,0.059669641822657
1,-1.22092432319173
1,-0.59497677237069
10,-0.53316576333609
1,0.21966760822578
5,1.55648327958102
1,0.0419835878047611
3,0.019118492082145
1,0.0332876753118994
1,0.000363655320188908
1,1.11036581688321
6,1.97295578782376
2,0.72898436957118
1,-0.036147818386544
2,2.26779297888085
5,0.0203696897784
5,2.74766010655097
4,0.515498503874222
1,0.0108884217261824
2,0.69231636224963
2,1.26367587923052
2,-0.234191246423052
6,0.3585679133693
5,1.79600072937237
5,0.56502955147392
5,-0.46849333575417
2,0.58141349253241
1,-0.108767023259396
3,0.48669204974851
3,1.0491166223284
2,2.38736842449856
4,2.23675013417218
8,-0.0819277195390899
2,2.99717294126325
9,0.0809034999588565
5,0.930771995931259
2,3.22872115251899
1,-0.023609837268503
2,-0.017688164406484
3,3.78440183300448
2,2.26321278936975
1,0.84056622069794
3,1.81953572806563
4,0.550056099184033
1,5.98958649919863
2,0.75070353644674
3,0.964973992243729
5,-0.87804768858971
6,0.61831710742026
1,-0.028539824635887
2,-28.4698001081191
6,-0.3265257878601
5,0.68909172847949
1,6.6986324266628
5,-1.70676064685466
3,1.54348814584541
4,0.73085841457277
5,0.101137148350117
6,-0.0199625434818679
2,2.23214176974498
4,-1.24603695583408
4,3.20440222929238
2,1.89321580526548
1,1.96971900676975
5,0.59761413783307
3,1.02123795698352
6,2.05670829460063
1,-0.15483637069342
2,0.285620227377265
1,-0.32209051446663
1,0.01244869801231
1,30.3653318444686
2,4.8710555472297
1,3.43177987163582
2,0.25553919228807
2,5.11878891332515
3,1.26995042507547
5,0.126916337682797
5,-1.3076406328709
1,4.05205118867277
2,1.31074843003053
9,3.55146293313858
2,0.52702278439999
3,0.95516920531787
4,0.701070429832103
1,0.003996274777984
2,2.18011357749856
3,0.425346885465552
2,3.52770042592591
2,1.04709634029319
3,1.95591022473215
1,4.77066485029206
1,-19.1913613218472
1,-0.073447073774199
6,-0.0910228759126299
1,1.14610127596601
5,1.75990397479164
1,-1.30632423035715
7,1.03832623511978
3,-1.43126621897371
3,0.59294375182179
1,0.22638345142254
1,4.52048029674692
2,0.96976326476723
1,-0.59340420743621
2,-0.406221877894654
1,10.3106117572589
9,0.38747876487308
2,2.3028657713397
1,-0.55558787947818
3,3.41752414438969
2,0.80206464384115
1,-0.97408284756789
1,-0.93897009363522
1,3.80178700645486
1,0.17566116833204
3,-0.19183709720118
1,-0.0205036140307081
3,5.51958698282808
4,1.41236124055267
11,0.65544565222926
2,0.000980419985117997
6,-0.264542787567488
3,-0.400924602869261
2,1.28149310391363
5,0.1044458993453
8,1.25666673620966
4,0.571760101005768
1,0.3475316842619
2,0.27266122105716
4,1.03770881017591
3,0.019620072962433
3,-0.04483974236889
1,-0.22179272698175
2,0.13042813572317
3,0.251801004417775
3,3.63122644071573
3,-1.25177312389245
2,3.50094577428672
5,0.03227575319698
4,3.21872643135783
1,2.05011116102234
1,-46.4724940281893
1,0.0250825643757452
1,0.819147835247159
1,0.02419006113402
6,0.01945720920813
1,-0.0740781422439099
2,-0.00667164609212989
2,0.039593866923011
8,0.19176523732018
1,2.50738030374685
2,0.295281664865583
4,0.729447631698834
4,0.503708220681745
5,-0.012256225358383
5,0.13430052884614
3,3.27848367311755
11,0.34886679639411
5,-0.24671274155784
1,0.11513503004506
3,0.03223259848427
3,2.23960730229402
6,-0.251826521282642
1,4.37283198359135
5,1.81642098265027
1,-0.048415368768746
2,-0.01204349181586
4,1.0187908059834
4,0.728414296267725
1,-0.0789717791219799
2,-0.01972331202938
1,0.307518700620659
1,1.73425960055947
1,-0.229203096683469
1,-0.25259905746155
4,2.07724190836747
5,-0.19874337034472
9,0.269002973728082
1,3.21381778438955
3,2.24980361566485
3,0.039318010072432
2,4.54012521197319
1,-1.6773444297704
1,-0.26181358280432
1,0.11487210767015
3,-1.57820903924302
8,-0.11154968631848
5,-0.286365757014535
1,-0.79047613616479
4,0.52119005674643
5,1.67775772603017
1,8.08975424803404
9,1.18141645296374
2,-0.0605841034902229
3,3.75006907890737
5,0.01462715321803
3,3.97333617133893
7,2.01795202665256
5,1.11771784275526
1,0.00547584563062098
2,-0.24923526520794
2,2.1995038001891
1,5.36026513496318
6,1.20213175149259
2,2.61891537050614
2,1.24038270034207
4,3.23957284396215
2,0.0446427200545099
3,0.874551649428258
3,0.783643109635457
4,2.93756333578521
1,0.0688945968664099
3,0.19713651111566
3,0.35448115004651
9,-0.77427884816158
1,8.9683299540031
8,2.87887781729262
2,6.05464210980102
4,2.6606311867149
4,1.72533608125353
3,1.60646985275299
2,1.92598992735661
1,0.00558102482176098
2,0.009365836211708
2,0.47880024474495
5,-0.044039798203576
2,7.0034092161511
3,0.36180193183098
1,-0.91988785179432
4,1.04196726756216
5,-0.033010199510614
7,0.21053564823861
5,-0.0039397468066802
6,-1.30339397794025
3,1.1946855167522
5,2.9658724774904
2,0.034107557151851
1,-0.29749162225918
1,-1.21413723072052
2,-0.015066317698547
2,-0.014160529810874
1,-1.46000000198136
2,-0.214468366568139
5,0.00670483500739805
1,0.344441599484762
2,0.008692856580715
2,1.84117527446222
9,-1.02334636442911
6,-1.15683977820067
1,-1.40907084738082
3,1.6878988371925
3,0.641727176218231
6,-0.25183909651101
2,6.63507618317966
1,-1.8916866675881
1,0.00651675071268998
1,-0.167508348616749
2,20.515116230135
2,0.003188035335844
4,0.06390446273651
4,0.118668571870382
3,2.78916394905686
4,-0.29023818895269
8,-1.2810565827498
1,-0.103167685236464
2,5.84617610230593
7,-0.4033980116179
2,-0.55111027404928
5,0.783413531138895
6,-0.925173958285532
4,-1.02222945352114
3,0.00318380428635895
2,-0.0331246027682504
5,-0.00245994924481319
1,0.0119990583367267
2,3.01824257721544
4,0.51308583401068
9,0.56198871547618
6,0.141885206700285
8,-0.12392714479111
2,3.23428292472732
3,-1.33290551246409
1,4.83062846588502
2,-2.22879895792491
5,0.853124337446336
4,0.00210662186807498
2,1.14252237417869
1,1.38316846998658
10,2.49504857965848
5,1.31214680888052
1,-0.20227295829411
1,1.11298711701182
2,3.10856591563874
2,-0.57400308955796
2,1.38227613507297
3,0.0026349421078556
8,0.0814506689072703
1,0.86547248129513
2,0.62222143679061
3,0.0123104662142899
7,0.475831438275748
3,3.02748924573298
1,-1.8934759108009
6,-0.24104170378668
11,0.271104613100335
1,-0.027245107735842
5,-0.0059312308287901
1,0.405821864173699
9,0.84492854682654
3,6.83003216715259
2,-0.99412343532553
1,-0.230047296913031
4,1.6037422606837
2,0.174423664514996
2,1.12310588167246
1,0.057606098497713
1,0.0211449752236799
1,-0.987849598679646
2,8.16490329039318
4,1.18344035845155
7,-0.58353656781525
3,0.10078583247897
3,0.0388113925000958
1,3.72270646937225
2,1.11458864745062
6,-0.40047982848156
1,-0.090272002590884
2,0.478313388437944
4,-0.0022190052718773
2,15.6952400836419
1,-0.43712091937709
1,-0.0447933280783999
2,-0.02783422315914
6,0.341367344769087
4,-0.30665172731727
4,0.958643539312202
1,1.56570519705565
2,1.19351806674625
4,0.78051220241045
8,0.228222854061
1,-0.18234800517347
3,0.20918531515782
1,-0.961792386258869
1,0.404323777837931
1,0.385686178822642
2,0.012530349113616
2,0.00372891725509999
2,1.68949693139206
1,0.00789220918153999
11,1.89704984968641
1,0.222626001816764
3,1.85584437998417
5,0.46547897450168
6,-0.15210312315385
7,0.994572078461756
4,-0.82181073511203
5,0.77690619259488
10,-0.26346424961643
2,2.19699061902191
1,0.0367780431152551
2,1.36901144338687
4,1.2525027040917
6,0.261324795650969
1,-0.020848044445261
3,-2.02285329871014
1,-0.03590013649863
2,-0.64050146051178
1,-0.131546975874427
3,-0.014703801934235
1,11.958413952802
2,2.01320094793899
9,-0.2195114921431
4,4.30167113863576
7,-0.0526382275275501
3,0.244743016473925
2,0.343134369283337
1,0.112343643153635
2,3.23520972917239
4,-0.22719064392589
1,-0.516177093768021
3,0.023262673729058
1,-0.30789336361965
3,2.88720744754618
2,2.04638612587921
1,-0.14568307906179
1,0.12113216979307
4,-0.006392180186094
2,2.34538946074288
1,-0.44845448471075
2,2.99143682830544
3,-0.928965612379134
2,-0.28421984867655
1,-0.00539936964179599
1,-0.1647471056994
1,2.91318768111808
3,0.537269081107504
1,-0.0591858878901711
1,-0.291566296106299
1,-0.66211049398561
1,-0.44297507001852
1,0.361920519839486
7,0.60515994050502
1,-1.17812112668861
7,0.6195153410076
3,-0.074696724621898
3,1.49109350657421
7,-0.0416887963929797
1,0.260529093424292
1,-0.021997940024042
6,-0.1545301451945
4,0.3599639683168
1,-0.363114331634703
1,0.00372249758050298
1,0.103520966680752
4,0.823147587186094
1,4.04350473781881
3,-7.020368691141
5,0.0023878040021081
4,0.72587852427973
4,0.524016051276043
11,0.019457063282965
3,0.0416562780448997
2,2.56804358622197
3,0.00612241535243302
1,0.5218172333994
2,-0.036941945695166
1,-1.13741936533377
1,3.60547550634011
1,-0.611269205721181
4,-17.0407734415406
1,-0.18923583947768
4,0.40300838878497
4,0.000620320503974037
1,10.5701794353276
3,-0.7382808484437
2,-0.263440589924884
8,0.49111819452222
5,-0.289011753373558
1,-0.13581215079294
3,0.50763297671726
1,2.47698667508539
1,3.3442513408359
1,-1.18313729610336
3,3.9702724393397
1,31.5565761953242
1,3.29471277992395
4,2.51356594294752
8,0.25725027066156
3,0.039815197917624
7,-0.12737219683679
1,-1.8005246647911
1,-0.44463516124276
2,2.76136462339436
3,-1.61744634244347
6,-0.34818726241563
1,0.23803586581298
6,0.10130991357351
4,0.4776462703198
5,1.7023434060247
4,-0.6030455093291
5,1.07093089989614
2,0.52642140970838
4,-0.72163746437238
5,2.35353853865664
6,1.98198371294175
4,3.4008266284156
4,0.41492632860442
3,-0.39846278539156
1,-0.07032030068909
1,0.242663906931799
4,-0.39417542494942
1,0.045704387026383
2,0.67236353703633
9,1.10841933270221
5,-0.030027529535858
4,-1.46968058213399
4,-0.28883844936597
4,0.32496357904916
8,0.88193959379306
2,0.218963439927402
1,-0.00522444486813001
9,2.14684426337548
1,5.35619659897456
1,0.672269994599639
1,0.29762657882571
1,0.46222336739017
1,-0.0202274177278001
2,0.680337585964971
1,-0.2630438268348
1,-0.0604445223094681
1,0.69332522346235
2,0.68950901774004
8,1.49511148708745
1,-0.17377473119169
2,-0.0911104493074699
3,-0.013136623280661
2,0.20408453194814
1,8.49388282035094
1,-0.909353067089135
1,-0.768260639703049
5,2.09078748744923
5,-0.32883023542033
1,6.10997686143825
2,7.77391093024885
5,0.23541970872996
2,-0.03730648169887
1,-9.23873707845797
2,2.9645173489685
9,-0.0719348881572102
1,-1.61091578227922
1,0.868591818729199
6,0.226825781886183
3,0.53851180402784
4,-0.0035962669112238
2,4.15292897072171
1,5.67521328298891
4,0.0071865082983653
6,-0.43831151544318
1,-0.44625399536893
3,-2.61721381548656
4,0.019871130957858
1,-0.36406555644369
2,0.22082857161544
1,-0.117972350364162
4,0.95066740916913
6,2.0200305991066
1,0.45809841782057
2,-0.57217272922688
2,4.26589424944217
3,2.22594274625642
6,0.75307245505784
6,0.60035080804605
3,-0.57064230188185
4,1.03184280029636
1,7.00219714255198
3,4.83570955493545
2,-0.00772031806141205
1,-0.040743857335024
7,1.80208134018907
3,0.54614334687233
3,3.22588498221089
6,0.46612577390429
1,5.8842221117343
1,6.7322771180469
1,7.59856911543726
3,1.96754646197695
1,1.08477077409877
7,-0.44595575232146
1,-0.23456483173527
2,0.89417260297077
2,-3.17943447653832
1,-0.16725649796752
1,2.96168250547652
11,0.0839093540218099
3,5.34477376956669
1,0.255326025965694
4,0.0208454705986331
1,0.0588244489835474
2,1.62392604568102
1,0.181240673368553
1,0.014530686540827
2,0.010935625399455
7,-0.66508258297726
9,2.39793285019367
5,3.44261097054075
1,0.83865012524498
6,0.39633981355665
6,1.66252991431793
1,-0.09525892472556
2,1.69422231205562
4,3.17363438828325
3,2.98249316502999
5,1.27172226799848
1,0.40517676147534
2,1.31048520219525
5,1.67482539324207
4,1.17517405592656
1,-0.738783695896199
2,-0.37674613477732
3,3.3346735831835
1,0.0345208107395401
5,1.19205358868532
7,-1.39716176620137
2,0.067127379321403
3,1.96538462354017
4,-0.060106564641121
3,0.013976654842372
5,0.66338733613079
8,0.40026055056094
5,-0.10510388165194
4,0.57532743042402
9,0.72683180335378
4,-0.20995830272023
3,0.064678615008109
3,0.03325795590744
6,0.31306093441709
4,0.74312040721253
1,29.5819398623191
2,1.15737793967449
3,2.50547627861366
2,2.04980983346146
2,1.79816430045724
5,-0.030220045861715
11,3.48595618940289
3,-0.52004740052366
2,1.61485925712782
5,2.73687326354222
5,2.02395168068611
2,6.05907930149701
3,-1.17432481093172
4,0.097688815906795
1,-1.35648244858809
6,2.10357957180038
8,0.1595916518102
1,0.484472521522332
2,0.798476738908518
9,-0.70562573618781
3,1.59597662519863
4,0.031972338355517
1,4.29924055632122
2,1.48418923475432
9,1.28348807264619
1,-0.37240873529032
5,-0.130869791968183
4,0.37116904107817
1,-0.58748142525754
4,1.00551324154732
4,1.00947418139385
7,0.7590381684969
2,2.69373392685109
6,0.528887654519034
4,1.72593349459112
12,1.82665259383806
11,3.2532343225249
2,0.00689457514787201
2,0.192450567487063
11,1.20187176781086
4,0.064641580735591
3,-3.45719359067439
9,-0.70626287353732
2,5.024097032545
4,3.01216196123825
5,2.15148214765034
1,0.299159580155431
3,2.99695602193322
1,0.1536533241882
2,-0.0149786846500999
1,-0.08858359761304
2,1.68558161869556
1,-0.56014308268442
6,0.30337796021605
3,0.037104810433719
1,-0.396499674203
1,-0.0608798099851402
8,-0.46311012654978
4,1.57627852800212
3,-0.01493196032445
4,-0.106236220821023
3,0.00566438389853496
1,-0.71653286936314
7,3.09316205717457
4,0.5259106467942
3,10.0188533847188
5,0.097617385652873
1,0.42199663300831
7,-0.0109626227363
8,1.74702108456187
9,1.56424818066195
2,-0.022190214278097
2,3.72521346702928
3,2.19115020625758
3,1.14135113373866
9,-0.0981351252859604
1,0.0403873532151
4,0.72163068297382
8,-0.0351245320863698
3,4.49386803401416
3,0.132413303824976
4,0.489980613286023
2,26.4349454147707
4,1.16296540354978
2,-0.21286953714238
2,3.24052210688187
1,0.017661501514281
7,-0.0984682874859204
2,2.52726042312589
2,2.14131501998027
5,2.06586906947333
5,-0.0791442117377601
2,0.064867564626386
8,-0.0156393783756599
6,0.00557050016196597
11,0.0532732304583898
3,3.18715450892925
2,7.06512374704199
4,-0.8020317042696
2,0.31822020567458
2,-0.0035023675875757
2,0.79830322251161
2,1.62357997426778
1,-0.0072966888975366
1,-0.0941022013517099
3,9.43314064370492
3,5.5187175393641
1,-0.027141769505782
1,0.30533365350022
4,-0.74243304987787
1,-0.0778323621882819
6,1.29118495376753
2,0.47103623496666
2,2.6240150288581
3,1.35301997143773
2,2.18863478327166
6,0.007790007680923
12,1.04955255605321
6,0.0750818403750699
3,1.53256804321107
5,-0.017836999009552
2,-0.506433947468984
3,1.89474995093594
1,-0.34329127102379
1,-0.0528693660212403
3,2.71935720910332
1,-0.24067449392193
1,1.27558992360547
6,1.73426323333507
4,2.08793205449454
1,22.9607786029894
1,-4.64521386465867
4,0.33217396689647
4,0.19267259723951
11,0.0868551228979597
2,-0.76663711159112
1,0.44619308847185
3,6.86144496010598
1,20.1699778635409
1,0.08137698233151
3,3.26617879220115
1,0.00266585672896802
1,6.1174230498882
10,0.11684263995556
11,-0.0110071636737201
2,14.4523960571246
1,-0.0150787768158109
2,0.014207482591723
1,1.1909031176158
2,-0.44821281231475
4,-0.38761925909644
1,0.04924541949568
2,1.73613544786347
3,-0.225081753168122
2,2.40578103201049
4,-0.48633742528651
4,-0.40554187127719
1,0.140759458261106
3,0.254491457357613
3,0.691112046949507
3,0.04410941389836
2,2.32685828612551
1,-0.34436010613262
4,0.44109245871561
5,2.74878867331759
7,1.30459788550323
1,5.19055599110418
4,0.61795307454095
6,0.24506251000193
5,-0.034641597209119
4,0.55278647319648
7,0.153209259261324
3,0.0931313874964999
4,-0.27188987572498
2,0.05201182319969
3,1.01049659562094
3,0.120532164424486
1,-5.54702459155099
4,-0.0073500113552077
8,-0.11023382553971
11,0.46724148491818
1,-0.0577407851263096
2,-0.375847066140764
7,2.64032144650679
1,0.421763375801634
4,1.15153583315889
2,0.97226431120579
3,-0.28677093333539
10,1.09317897194027
2,6.59814027573472
7,0.50218401750343
1,-0.527423111151827
2,7.78207693487587
1,-0.0767550837895801
1,3.37758897442739
3,-0.034168337143054
1,13.8424150395132
3,1.34887860235941
1,-0.010825295829363
1,-0.696313841101899
7,0.0393854434547422
5,0.79640787559087
5,1.26497061192934
7,0.30387112630422
11,0.560275939031556
1,-0.42330887131991
1,-0.23193034648251
2,0.16235029214218
4,0.351516123264553
2,-0.0019128941732444
3,0.618099513939459
5,1.49532924682275
5,-1.51358377116577
2,-0.40759780517579
1,6.6016939813331
7,1.55581264096993
1,-0.68048052254733
2,3.62440888752081
1,0.0267637025686728
1,11.1626812470144
2,2.29093845968397
4,0.0328178497725484
1,-0.26532470458957
1,-0.97443949674194
5,0.630112829541164
2,1.82721704378655
4,0.169167112406881
3,1.89071741535139
1,0.015710871666981
2,-0.39211150658781
1,0.0260270205298892
5,0.12017129024455
2,0.058849693430866
8,-0.36057267595112
2,0.00392583865964802
4,1.74432081889518
1,-0.25824862249115
2,3.33888333586275
1,-0.157169808166597
2,5.23283586117776
4,2.83292231924129
4,2.30343770642617
5,2.08976431052896
1,0.0409468577934899
1,4.00477341308613
4,1.41807880364979
4,0.0065655795181233
1,-0.335119762372661
2,0.055790234266963
5,0.10796821049371
4,-0.589617027918693
5,3.72754266881026
1,0.0159977460306949
3,-4.86582760532829
1,-0.62337005389619
4,2.15365869331839
1,3.97538889749856
1,0.29371259311892
1,5.34231114489189
8,0.886266998263703
2,1.71764061249562
4,2.63702542469469
1,1.3696959710319
2,0.13872105097216
2,6.43790403302587
10,-0.55323728511269
1,-0.0738765962186401
2,-0.02567187679526
2,-0.247997527693022
5,0.33238992468819
1,2.5329574202502
1,0.03801340745585
1,0.000861651596037002
2,0.01467424579319
1,0.15715036038488
2,0.03020667256596
6,0.66643819222737
7,2.5436154687906
1,-1.82793625371824
11,0.65917033915529
3,-0.0456678478799699
1,6.58435800946835
2,5.07353759528173
5,-0.276742944152798
3,-0.05706135948584
7,-0.0125427872730199
4,1.51107526775956
2,0.41892956417909
2,8.11532562920457
3,9.6124175073889
5,1.98464422214009
4,-0.68824330462502
2,4.57468463956941
2,4.1697750156154
4,0.58220422453586
1,1.19617973772081
3,1.72426910887916
1,0.269019895783201
7,0.904791247061413
4,2.14802068203892
10,-0.133464619318471
5,2.25262020735116
6,-0.14819619067942
5,1.1818606133336
7,-0.01198434108942
1,0.0360710552624299
1,-1.9416857667333
2,-0.191089296614952
4,0.92487782723661
3,0.00660851127256001
5,3.19372143730513
4,-0.88064851993739
2,2.10161002512136
2,-0.0059589230174878
2,1.37015091857566
4,-0.53860008367694
1,-1.90653300602363
2,-0.25015795521754
4,2.03172161752549
1,2.5529513908392
1,0.14251499567746
2,6.41765734277761
1,-0.11717079559714
1,0.08212819459375
1,-2.49895938702785
1,0.82034403763395
4,-0.295290763411462
1,-0.1490234394825
10,-0.63037597874978
4,-0.79143834900341
3,-0.037187297593728
3,1.93362821822147
2,-0.17477359564862
3,0.025057188749575
1,-0.72797909599913
4,0.45773563865565
2,0.2144071613827
3,0.866673008362817
4,-0.52609272537229
1,0.010800751813433
8,0.62807107983837
1,0.156363155094703
2,-0.14491693113752
3,-0.007749289573866
2,1.07004639514096
7,0.11326470334692
1,0.0301907966743147
5,0.012627224808651
1,-0.17803678923668
4,2.64390844894848
3,2.63719826055216
5,0.69647739127931
2,30.5403314547337
7,-1.32726493144516
1,0.153196681923066
1,5.19509794775955
3,0.90631642250071
4,-0.132272937565918
4,1.73769149249919
1,-1.62437345501274
5,0.02533175227206
2,2.25287911597643
5,0.89151288803265
6,0.197427164652062
3,0.005978938648699
8,-0.19055529176799
1,0.312112010918166
3,0.26341576287854
3,1.25108480114729
4,-0.32341177854401
4,-0.0030693692214431
7,0.60563413624993
1,3.92337825733915
4,2.37445413826791
2,-0.51482969109628
3,0.089036807378629
2,-0.5121634305765
5,3.40223869471271
5,0.45292098333799
5,-0.72859547757975
3,-0.013340785806474
1,0.122158164499794
3,-0.012529177358913
1,-0.59536782714058
1,0.00254078264518909
7,2.12552923211846
8,2.90243675022957
3,0.1036856629567
4,0.005445231048953
3,2.01354074567556
7,1.03717896222035
2,4.12179975571645
1,-1.77126852134995
10,0.0819490743145099
3,-0.365807050761
6,-0.92693581632195
1,0.21928721976786
2,0.0370502235898398
7,2.05603101290708
5,-0.0042394629553533
4,1.46273968059261
2,3.88431482533493
8,-0.12071843261634
3,0.0418603547422201
1,-0.0290069140873803
3,0.020392194190041
8,2.31936745471706
4,0.53860359758331
1,5.48812456933835
3,-1.32727573704474
3,-0.85407527557624
3,4.28814815591023
3,-0.0779277829648601
2,6.74865839667415
2,4.52553467898815
7,2.14143269848089
4,-0.0474493284774248
2,2.17672640499041
4,4.09709623187845
3,1.54316724003553
1,5.27894189747896
4,1.03946006490595
6,0.23497535964959
1,0.507568818627035
1,0.066357443134025
1,-0.34936730852735
3,1.73182209480524
1,-0.05166469218838
4,2.28017208091684
2,-2.76987806349938e-05
1,0.36902596714824
6,0.44226207589136
5,-0.115960295365963
3,0.00356177990728501
6,-0.0037781113587361
2,-0.39629838571367
1,0.271353396454499
7,0.611693844293104
1,-0.05962417048799
4,1.14882619000589
1,-0.4087926535366
1,-0.23643426887455
3,0.788354275176381
1,-1.39903189911224
3,0.010809334251681
2,0.856476687399917
4,1.69786350799865
1,0.31346351518853
3,1.61891743772431
8,-0.35516078197483
2,-0.00069861524596998
5,-0.000799298217081995
2,3.13440816279223
4,-0.0281055549222797
7,2.00279768225138
6,-0.0073074032086703
4,0.000843178582486004
3,-0.125860890285051
3,-0.0415653905879799
7,-0.0215949595821598
1,0.0295391114425101
3,0.23262255104587
2,1.19440712449582
2,0.773515584499951
1,11.1877407396694
10,1.1410540700365
5,0.955088108019883
3,0.140868234843189
5,0.32476035761356
5,0.85341533112601
6,0.18552899752514
1,-0.0519944453146204
1,2.19189508743701
2,1.11155247134373
3,-0.008640494622005
1,-0.004901373640956
1,0.808698129549
6,-0.0015333317238625
1,0.530253406682049
3,-0.113178943748123
1,-0.46266279666663
1,0.18766729179647
2,1.47933536903746
4,2.41031163933994
1,1.25934864265709
2,1.79255263244408
5,1.9626579211781
4,2.03087550091681
1,1.833538181648
9,-0.486849258105329
2,0.0860569894776
1,-1.00066432611283
7,-0.087921552617182
1,3.56265260133738
2,1.54580063902131
5,0.629429530273211
7,0.10761473781949
10,2.4335859935897
1,1.32796083784243
2,1.04042772706603
1,-0.89692871477174
1,-0.042748692223188
2,0.681401291317756
1,-0.045696360552859
5,0.08430605966864
1,3.58906492382234
2,0.999212993326
4,0.050903817615051
5,0.164207711578172
3,1.31566102602354
2,-2.48068094116003
2,1.71555037505783
6,-0.37200676185669
2,1.22782651368913
1,2.65567264813533
3,0.235844404919136
3,-0.14867044171504
5,0.53701207653065
10,1.05508879860206
5,-0.13075874378835
1,24.3080891116874
10,0.43129349237455
4,0.467673578929746
1,2.71188272202872
4,0.00377306035824398
3,0.1571255615896
4,-0.74960322667327
2,0.65126313777353
2,-0.0014473559264918
3,0.048540527034958
3,-0.144785824336549
6,0.14750547768849
4,2.00431990177319
2,-0.32620460297293
10,0.0400825812669401
3,0.035245145002813
3,0.00453973527920798
3,-2.81023411777971
1,0.23748397239637
2,3.2585565016268
4,1.94880784847083
1,-0.57341436980768
1,-0.45765484213733
2,1.85178845380817
5,0.64109270758194
2,1.26313626095242
1,0.314863316232939
7,0.0674317234030499
3,0.005864263017303
1,1.77288529503364
1,6.6461254584053
1,-1.64464034311179
4,2.7714899516121
8,0.062674591503372
4,0.10160750835764
1,0.001656431757802
2,0.024381194633572
3,-0.337002522788406
4,1.0677189642398
1,-0.51678045578791
8,0.43210525555531
3,-0.0875387178900999
2,2.56935537873074
1,-0.825011910119581
2,3.78533439637082
1,1.41337768718112
1,-0.20788652797617
3,-0.0455618711636601
1,-0.096829461564446
2,-0.0452968207951651
3,1.42754665271969
4,-0.18781734971682
5,0.951645151228702
1,0.75477171875762
1,0.184252682936147
4,-0.7273268370125
3,-0.013138365606073
2,0.020566179464045
3,0.018760636049767
1,0.082769918672466
2,3.77412687823587
3,1.03344807494275
7,2.63631048791532
5,0.284121874164992
1,0.01428800752565
1,-0.51156382728642
1,11.2202801329388
2,2.70033033118199
12,1.47252038266596
7,-0.45705406678856
1,0.213396107791545
2,0.009843354344792
3,0.1643096650295
4,-0.0986574523817401
2,0.51848259194152
2,0.00788748286749302
2,2.14792753119079
3,-0.097350689673722
2,-0.260265544027143
2,2.96630869087402
3,0.23482948736094
4,0.0063291819359027
3,1.48639680299152
3,0.020155919078158
4,-0.3883288794468
7,1.11277278305128
4,-0.22701435125398
8,0.36281376216189
8,0.73842013274633
2,5.22258213593064
1,-0.095894345875724
3,-0.065319253255594
2,0.68875450763878
1,3.32185629166657
1,6.7282431243399
3,1.95664030441894
1,0.21654313851574
2,4.81233457775358
3,0.41864204259629
2,3.18823518950479
2,-0.0155231117144599
3,1.14898904819293
3,1.0029522516724
2,7.30431150188966
3,-5.1349164584608
1,6.13416574967251
5,3.87883802125101
9,1.12765840473027
3,0.0426643991090561
1,-0.20662245717461
5,-0.017822326298088
1,0.355346996908357
2,0.014520208370822
7,0.05077490063779
2,-0.51522462819503
11,-0.0343716990507699
4,-0.4424093841751
3,-0.0536459609241602
3,3.22154557526307
5,1.17444607102762
5,0.368740218895242
1,-1.16832168349329
9,-0.14426188573417
1,14.019327269093
1,-0.72591352644474
7,-0.03730092909265
1,1.08798191018664
7,0.42663241656423
4,-0.286648685001696
6,0.00814657596028801
5,0.0707535417144602
3,15.6078607577752
2,3.78523080449052
8,0.2106024264719
3,0.0648509553101499
8,-0.0760609232393201
1,2.86206258062017
3,-1.53305326207592
1,0.027639328358795
4,0.87512636401468
3,3.32796733420715
7,0.031510454601087
1,-1.68642704554618
1,6.6125693457794
1,-1.98924718024918
5,0.39783671794758
4,-0.2257249149419
4,0.0045339745973935
5,0.54198477225948
8,2.08839739352449
7,1.3401445090062
1,3.32044177479681
3,1.18228035152066
9,-0.53356819268515
3,0.06142494319327
3,0.14999769076675
3,0.793264898101043
5,4.39821967342852
1,-0.159028087195812
8,0.31354710240024
3,1.46376774044562
1,0.16407681004183
2,3.11459091939847
8,-1.36219149365171
1,0.48355477849755
1,-0.23500764112661
2,2.02641700743588
2,-0.209750678969985
3,2.06487755044641
3,-0.62388712592711
1,9.39412737879895
6,0.331636261544699
1,-0.75375230141751
2,6.69836571314724
3,0.33482337122603
2,3.7347861485692
6,2.04486503715375
1,0.15037391274314
2,-0.0170162193502001
3,1.36298971740648
2,1.79371335750435
2,2.30954922848504
1,-0.0943426403151399
2,0.026896580954789
9,-1.11404103527596
1,-0.00317378610920599
2,0.043177593033136
3,0.79568453321196
8,-0.6269391288421
5,1.07450718429421
3,1.06125023779607
2,0.821682476436905
2,1.35282931293584
6,-0.45185060927603
5,0.98131988569292
3,-1.06344610867699
1,-0.63545010408716
4,3.88377059787828
1,-0.27662216407046
1,0.35373113972441
2,-3.414068308212
1,12.2100032569894
5,0.37458415876589
10,-0.62761594308702
3,2.1439342344748
5,1.41864819448871
7,-0.0409983955725599
3,2.69847347030054
2,2.61632286588044
1,3.79243658852786
2,0.96872862306657
4,0.00688981331836799
1,0.041597700453276
1,2.19077523688378
3,-1.59386257374843
6,0.28839288136733
2,2.01704098120482
1,0.46848798493064
1,0.3555616904353
7,-0.47827569782196
1,0.00375896213166199
7,2.39691245758487
3,0.627962979139278
5,0.21726741755976
1,-0.57504376477356
1,-0.111716521853103
1,0.2315871486835
4,0.90264946362587
3,0.322193865453073
1,-0.345286162941689
6,-0.29223351717457
2,2.40899306868102
6,1.35645855630613
6,0.34237006582945
1,0.15091772408107
2,2.89648765170894
1,37.2867028484761
2,3.00158586727618
6,0.94333327952286
1,-0.13688305189817
2,1.27960648600364
2,0.71534329100089
1,1.00746250240234
2,4.36091052390484
4,0.49485047616084
3,2.09524524425404
5,1.88592446794127
3,-3.72626192558987
7,3.53941765340272
2,9.4530912064179
1,-0.074749529958352
2,3.57527791431285
5,-0.32848290272047
1,3.75600310858581
1,-0.68872919352356
6,0.128206623812867
3,1.06801847166487
2,1.10036349457857
1,-0.40157907829206
2,11.8643070809913
6,2.03600603642408
6,0.067888466931732
2,3.06325574287825
7,-0.45376174641442
3,2.41105577013743
2,5.08182095998716
5,-1.23696208680084
1,0.410472555070579
8,1.28556166518077
1,10.8621264348848
3,-0.31585953597629
2,2.18095187403376
2,0.063715783546079
6,0.22101749444722
2,3.09694516547841
2,0.62287916459749
1,0.22942757402928
1,-0.93536161874249
3,0.0405815774538598
3,0.12881130130012
2,28.7842449047634
2,0.044682137370502
1,-0.0862386113293399
4,1.53420769228598
5,-0.03548195919825
4,1.57051756013679
2,3.13305629790883
1,0.566642253125361
3,1.05247000145299
4,0.571553141165104
1,9.51370720455303
3,5.05332679932595
1,-0.2109631783212
2,0.75956592032529
2,7.67679283123427
3,3.83976359288974
7,0.804167993001544
2,1.85715985101261
2,-0.039756496713155
4,0.079410699293878
1,8.90167712733879
2,3.37397117830908
1,10.5958720042833
1,-0.62404458567922
2,1.4678006442199
5,-0.17928398450489
1,8.54580950199885
9,0.15626015674081
5,-0.0223880597886001
11,2.49224322833985
4,1.96861675210232
3,1.24329580238096
1,-0.67833541356319
1,-0.0584515027734396
3,1.63462589954716
2,0.63418335592439
7,0.00569747312768998
6,0.93743837222275
1,2.21292242165162
4,0.0044151054216498
1,0.7323234743652
1,0.052100728377949
3,2.94638385970525
1,0.22955742364223
2,5.0953384563542
1,0.591420263902669
3,0.645029117481673
1,-0.0176766105524762
2,0.198577898124714
1,3.7917570323582
3,-0.0590052910304399
1,-0.20917944903049
5,-0.154418896071316
5,1.37208492124741
4,-0.0061439605291998
2,0.5569126843145
4,-0.37342762162858
6,0.879378770585231
1,-0.0260752333604178
5,0.00570107123261698
5,0.00606041024762
1,-0.20975943169459
2,0.818088076692879
6,0.71099409806623
3,-0.04957715050113
4,-0.425415102851831
3,2.72446018972295
5,0.790139582909509
2,0.001618750871937
6,-0.0854280924386099
1,-0.21696077960019
1,-0.0948941285656399
3,1.87795093292448
1,0.27984694491193
1,0.31273388267491
2,-0.0834487066493199
2,-0.0788470753899799
2,-0.0028695839945593
1,0.007774447278587
3,10.3041057717012
5,0.906531389184559
1,0.34416413127426
3,-0.45094484707992
5,-0.015600536529628
8,0.33505401116977
11,1.49726030524907
1,0.181454177603105
3,7.61741001192115
2,0.00077431526550794
2,5.35440904274938
3,-0.0084287894103692
1,0.36809842549016
2,0.012803024960111
2,0.0201392052301699
4,-0.0047951731831811
2,3.20844779908497
1,-0.025127940326824
2,0.57342361891123
2,4.76913846390377
7,-0.52263504928819
2,-0.01252914983329
3,0.26141511855054
5,2.99589347941978
5,0.19556724983026
5,0.242486738032277
3,2.84582354566491
6,2.11517980015207
1,22.2484869762866
2,-8.21802905697062
8,0.02902386248764
1,2.76189395262574
3,0.39455648737583
2,8.7351191070864
3,-0.50288900915603
1,0.265939375997857
2,0.236466509174124
2,0.014999043150252
3,1.52813995832667
1,0.238497116569722
2,3.57251109784188
4,2.92498768282208
1,0.37143969726144
2,0.18279543374283
4,3.7606614815712
1,0.5525411815626
1,-0.35856129560732
2,-0.0787829205594996
1,-0.66605944850384
7,0.05614417527253
3,2.06893842743727
5,1.54239087494579
2,1.96500879379779
4,0.710836965163666
2,0.079249371304929
7,1.18664505667446
1,-0.001124388191963
3,-0.78785613616796
3,0.722978359579224
2,1.75205674406852
3,-0.7352788887943
1,-0.387110746939999
3,3.85092023463998
1,0.131753007767547
4,1.31785572869339
5,1.12835280747629
2,-0.0049376570216642
3,1.83556807124565
1,-0.34983203587456
9,3.21572567714969
4,1.91164332696207
5,-0.00676978979806098
1,0.12602318448526
3,0.32922309256067
3,3.38516223187445
2,3.05035867179245
3,-0.40666669729796
1,-0.16275111154265
7,0.013031657559776
4,3.82469324982784
6,0.51018197454985
1,3.53856910836288
3,-0.247344563299987
2,3.82888087235841
1,-0.2907581057665
1,-1.08489540338849
8,0.28154449764329
1,1.67505025384811
2,1.07890883847713
3,0.881982592909806
1,33.7465132047417
2,2.11724593870272
1,-1.9471440197363
4,0.4905860773398
4,0.29732202844522
1,-0.851281311838399
1,-1.87059669108081
3,0.623710786416005
2,0.43930954268245
3,-0.10912714021948
5,0.995962983692447
4,-0.037201362675464
1,-0.5412734891288
1,-0.051423014651254
4,1.30068326134449
3,0.0071283313370423
3,-1.26375135509118
4,0.42481553344144
1,8.49494255903305
4,-0.18557943459601
3,-0.001742902139102
1,0.0867918388717506
2,3.46067726434153
2,1.93760159567941
5,0.000352032672169988
2,-2.49009158957343
7,-0.0211630074607299
6,0.15150439179259
4,2.21944054419161
2,1.69147158976563
4,-0.849704612440521
3,0.558781507329
1,0.256464464460624
9,0.5275713320072
1,-0.00392620648636102
12,0.202575731289802
1,-0.30759409318705
2,0.21219198215348
5,3.70167691688125
6,1.01310048437543
5,-0.0034347165181176
1,0.0120643982444605
1,-1.3613211680703
1,0.0589477217671829
2,0.413262954343244
2,-3.76527515720291
2,2.55410493799165
7,-1.46122004709611
1,-0.38390079284221
2,-0.0169255850457299
4,0.0823054963110499
1,0.29578131969641
3,0.0013102006799928
5,4.53470955324708
2,0.97088153106973
1,1.8788292441508
2,3.15408920913464
2,1.24772999785607
2,0.0012951224307705
2,1.13751461134559
3,0.90358172340318
1,-0.1401102322499
6,0.0557518092988207
3,0.927335793331152
4,1.63178945625263
7,-0.61245119449167
4,1.66675462944541
4,1.45441055629172
6,1.36585623651481
2,0.54575493402574
2,2.63895064434818
2,2.02083272457896
2,2.84797411850525
2,4.4579315834548
5,3.04832969073084
2,0.457698994203521
4,1.19457687024785
3,0.276806568860163
4,-0.26792322068035
2,-0.37170269603773
1,0.0736985149548501
2,2.7905456910364
1,-0.026797132777476
1,-0.13924879518013
2,5.1189624851435
3,3.51884801139102
2,0.225623281069682
6,-0.0024818022128862
8,-0.19545482140085
2,0.049154012857538
4,3.37184168611004
7,0.19082240448718
1,3.93642553468113
1,-0.36160927589003
2,0.2268804855208
5,2.11407951470871
2,-0.39579958776982
1,-0.037224855985988
4,2.57976171474492
1,-8.29651866280796
1,6.96452420473997
5,1.24518537798046
5,0.10630725271584
2,0.049016413291376
1,-0.080341477995951
3,0.0696199739471199
2,2.11727958632453
2,0.39411210395865
1,0.31710862612495
1,0.68178470027889
2,0.8926222823271
10,1.88092324179063
5,0.00589393482898393
7,1.05083995552538
2,0.82777163446755
1,1.25684865192762
1,0.0856286410084408
8,1.34974661884691
1,0.0074862362182934
1,7.2098461117895
4,0.157600714737337
5,0.999534924711275
2,0.112918858158703
5,2.10725522590679
1,-0.00557515482936505
6,0.115711926981503
3,1.66778288309988
4,1.59552395351335
4,0.00659593959940796
1,0.14158908486326
1,1.98324513909959
2,1.57053982762383
1,0.116073234001885
1,0.43911261273206
2,0.46496317115977
1,-0.11618787509454
7,-0.22421611981328
2,0.490888549541307
4,-1.20602308554362
1,1.55250648294296
2,2.03665429112821
5,-0.32762082749854
2,0.07984314481072
2,0.140717578069543
1,0.321840607756559
2,0.00390386767684497
2,5.84302560339503
1,-0.22242376565241
1,6.7340309624465
1,-0.26848338778598
10,-0.381426834436352
2,2.31425798571456
1,4.6150628335728
6,0.6940046782395
2,-0.322771644686731
3,-0.151169307770396
2,2.57844724733642
5,0.50813702310627
1,0.60754830372286
1,-0.897949366654671
7,0.186166577004546
2,7.57456431156172
4,1.92816393160672
1,11.1429320701487
2,3.08824262841555
5,0.8425314898398
2,0.35080272064618
1,1.58590627287833
3,1.0903279177782
4,0.033358219640821
4,0.27376694966817
3,2.78352863691489
5,-0.0036130835110503
2,0.188142380503714
1,0.67430488529883
2,1.77397009820261
5,0.58017080746211
10,0.95248350800393
5,-0.15341213695834
4,3.51010579986103
3,0.72591109805415
4,1.45893013758234
1,0.16932217722442
2,0.51838441242634
5,1.3611101220795
3,0.01635760786747
1,-0.0706226718219303
2,0.10521177959642
1,0.0695653857771599
7,-0.3584494022206
1,7.60600560424345
2,4.08417332210346
2,0.08732940030144
4,1.98580712829194
5,0.1184082482948
2,-2.04469619393979
2,0.512327847916679
4,-0.6540095361465
2,-0.000144518094755006
4,0.20996928701758
3,0.28880451872488
2,0.95737952578568
1,0.16288386882399
7,-0.0322205866944607
1,0.23471092391809
2,4.91857325020142
5,3.64191178470972
3,0.020465660484111
2,8.01102850028931
1,2.25877844167665
3,10.5942174462754
1,0.0928613465021481
2,-0.02773545060948
3,-0.29493814402048
2,6.99250641541549
3,0.84177666648855
1,-0.0482825307241899
2,1.0714366080839
3,1.76299182533194
4,-0.29902959005982
2,3.22852183506287
2,-0.151521015088578
2,1.99442684303258
5,0.355650577847372
3,3.375576879484
5,-0.37010138706587
4,0.002577924505138
5,4.38482310049835
2,0.037027279247011
1,2.25736373565237
1,-0.0435971332996504
6,0.169639501669605
5,0.95340964548129
4,1.12474568390447
6,-0.0532176756588201
4,1.3842108720534
1,-0.50416719712573
3,-0.1250431856898
3,2.96483236563796
5,0.0420777842381501
3,0.24015041413466
3,2.45552887114436
3,1.28126842594391
3,1.79080411949033
10,-0.0721273246601699
4,0.59313966240349
9,-0.23110068501757
2,3.83277581638203
5,0.4054113258593
7,-0.13508470233261
3,2.634683419656
4,3.02085304114324
2,6.994664306245
7,0.19476295980733
6,1.29229497051474
1,-0.24649631368641
1,-0.0096535894177051
1,-1.73142692447524
5,2.82211907479161
5,0.65496919311541
2,4.43365151623945
4,-0.371206722526163
7,-0.54477494660051
4,0.00456079631905
7,0.0214639817286499
8,2.48315179671235
8,-0.12141504059791
5,-0.99415499885521
2,1.31640460462429
7,0.10336067602383
3,1.65120443796445
1,0.59130232625357
2,1.48058475971921
8,0.303956086572971
7,2.35565259270145
1,0.00869897390483998
2,3.75825901526481
10,0.89547793985608
4,-0.032990413371642
2,3.56986820367848
1,0.35478873936167
3,2.04273805428628
7,3.54949029482409
7,0.0819817073647293
1,0.041771267475187
4,-0.12727932120632
2,3.05874102492962
1,-0.57344333599246
3,0.29861041105672
1,2.74960325460743
1,35.9790314018377
2,2.97513634032459
3,-2.73692117055356
3,0.964074237979302
8,1.68034589132409
3,0.99995751331666
9,0.0500263021829799
5,0.26168985286613
3,3.26057089121896
3,0.36788347736982
12,1.00378277843829
2,-0.069675762288381
1,0.017249405123165
1,-27.3237652303077
2,0.054113856406635
6,-0.13288605985579
2,0.91713842101505
1,0.0217744262594016
2,0.39909970151005
1,0.13722499633159
2,4.16401593464025
1,-0.189517560514691
5,1.07299767264873
1,-0.17852298235439
3,1.37111487664153
3,-0.59536867973732
3,-1.82487631637857
1,1.26117163003031
3,-0.53060022851964
5,1.52407744399282
1,13.5634790498629
2,2.33187065263825
2,0.54381304247697
1,2.83892205879546
1,-0.07608520709476
3,0.000658684955249983
2,-2.21174408995422
1,-0.12463343504212
1,-0.01597353705137
1,5.09800118906158
11,0.03301063676896
4,1.55350772776071
1,13.0994633098871
2,1.88703680244245
3,3.4975070058406
3,0.86506325940389
3,1.7852859781717
3,-0.605318738027208
2,0.54803901463862
4,1.36037277938505
4,-0.861089952709329
7,0.47469137784786
1,0.00235045960409127
1,0.582201261544476
1,0.27692930857151
2,0.0892282291390301
8,1.47302928062345
3,0.66912225606985
8,-0.1159085335129
2,-0.0280425815363401
8,0.39329674287998
6,1.62329426702159
6,2.3106844878182
3,0.19749159620661
3,-1.71138609042027
1,9.15145977510398
3,-3.81796081811548
2,1.87402236019382
2,2.12378436125774
2,1.08280012997091
2,2.53830142546743
12,1.94248462167742
2,0.000433536323005898
3,-8.0036195928062
5,3.36460075733776
1,7.1020538004516
2,3.1483468446484
3,-0.071898986751371
1,5.62206511808572
1,1.38782250023255
1,-0.0525106354379101
1,-0.364217486635511
2,-0.0783369344258098
1,3.5119353660609
2,1.10955443898947
1,-0.0070839830295265
2,0.979218509800825
7,-0.232463780527701
8,2.37784905398975
5,0.00293601147660999
8,1.08187255563493
2,0.59485153040466
2,1.39578460585305
2,0.93424123530696
3,1.29134875747487
3,4.23875450233152
5,-0.0350011438427489
2,-0.3594100661241
2,6.89035386051001e-05
2,0.140039319863947
8,-0.47611900341697
9,0.36508934218942
1,4.80027291170322
4,0.00289780876368095
2,1.64004480924395
2,6.3137936197434
1,0.084131671316179
2,1.04931888156199
5,1.40252378812909
2,0.034754834318251
10,0.492702784600375
1,6.11028841742231
5,2.7697059844302
6,1.90758070810748
2,3.41934676639787
8,-0.19063583563336
3,-3.9960599722839
3,0.0260091655804202
1,-1.69697374622658
2,8.83002669130601
2,0.69042382205798
1,-0.30846902896212
7,2.14903563369625
7,-0.18693798016132
1,0.046253961722131
3,0.023722496424098
1,8.7071883269665
2,2.58328026332375
3,1.96292754598578
1,-1.18748325240528
2,-0.17127869179228
4,0.52355933832186
1,1.73250540633537
3,-0.88333518551502
4,-1.53177355008538
1,1.22443068109269
3,0.010830212721074
3,0.043547018980493
10,-0.32274217073942
3,0.95284676852304
7,1.44302836019287
2,0.0292789284036803
5,0.50098232967533
4,-0.85777732087719
2,0.00526240783021299
1,0.12124207848625
2,-0.03322191497435
1,6.06296835215456
2,4.70245450011214
4,-23.7922013784309
1,-0.28162159799546
2,4.64564764915518
4,1.93988714915341
8,1.64109834137449
2,4.25541648435916
9,1.66740075329156
2,2.07637672228532
8,2.16337078408864
3,1.01302958123093
3,0.0016071212204287
3,0.0018536036867184
2,3.14426697112248
2,0.058628543283945
7,0.0445952674592403
2,4.64647305506913
3,3.29418073676489
10,1.69907128235589
1,-0.19390891517535
2,1.03171745334102
1,0.85048042756214
10,0.847284675443328
1,-1.41827095001995
3,0.18288923143355
3,-0.03861446003203
2,2.54775906571697
3,3.04378538746049
4,-0.65479014084257
1,-0.11446103561327
5,1.79375772686942
4,-1.53724378725163
1,0.468394278538849
2,4.22770500902894
11,0.0585602648375101
3,0.23475071644347
1,-0.60343385751752
1,2.13971282749055
1,0.334786875540749
2,0.003137626085365
2,0.49071192479595
10,1.73338415609497
4,1.01914998582422
3,0.015495872083347
1,0.16425505767501
2,-0.00687101992109973
2,3.23360532378227
4,1.49859449400385
1,0.52594291930593
2,1.64367213786419
3,-0.352901901959329
2,2.44766077251125
2,4.57695914682073
5,0.181948052611136
3,-0.20580831168715
12,1.69235077035152
3,-0.116649368370237
2,4.26038920594114
1,-0.59118556764201
2,0.184451310213656
1,0.452069528461557
1,0.011093341917913
6,-0.0515953057879401
3,1.97873960783782
8,-0.28639341471028
2,2.11737106014363
4,3.45151390654555
6,1.62449125681082
4,0.40432460050722
7,-0.209684643100294
4,-0.097863574369211
1,7.97069304159755
1,0.0199432540395314
2,3.81183758615884
5,-0.25371449852014
3,1.27748534585062
5,3.08125706706315
3,-0.19751772158619
7,0.52998301127901
6,1.56103944613601
1,-0.024271090134876
2,2.12933342229725
6,1.68506360993618
5,0.568484898061678
1,-0.16065422769853
5,-0.60606147579723
2,3.24338750116338
8,-0.42309314519467
4,0.00432264471896893
5,0.94050758462117
2,5.34345043440518
2,-0.00146856430885922
3,2.4282458699071
2,1.49941257219107
1,-3.65354693019418
3,-0.424033353980326
4,0.122062294368297
2,-0.009269562078039
2,0.70643456315211
4,0.84544695138571
4,-0.128767181823508
8,1.29148626418293
1,0.19704700652557
2,4.21622564936407
2,5.77849958772454
4,0.962791145915698
1,-0.0305263266855906
6,1.20620741391943
1,-0.015980691445125
4,1.50102215927223
1,0.0301836403829282
2,0.013282374684729
1,-0.69148806513667
5,0.00405768217750002
2,2.68423804436778
2,0.424167492825659
2,0.551620955125347
2,2.33030771265703
7,-0.02023436085911
1,3.42498014320602
2,0.31791960300396
5,2.35635853495841
12,1.29368838846525
5,0.369029431960261
2,1.78795574546993
4,2.48251539802677
2,0.0611332586808869
6,-0.17003017301993
4,2.94391658493514
9,2.5649473079828
3,-0.000140885597398596
4,3.77813188942619
4,1.82736296860986
2,3.28626954776941
6,0.24259914237877
1,-0.61848645255471
4,0.80736991596241
6,1.64982886006564
4,-0.18675274173233
1,0.211607556280524
3,-0.4033014557925
3,0.677208456166289
1,-0.12931647628227
1,2.73495081798211
2,0.980109460398561
2,-0.695968085047993
2,-0.109396922013832
7,2.74311223393018
8,1.39760358864609
6,0.17680289923302
5,3.27612587490428
2,0.324351096937639
3,0.00167956774783251
5,-1.13223209841085
6,1.10908656304007
7,-0.023937695167915
1,-0.06353378040525
1,-0.20669262966225
1,2.41031357898801
1,9.09145803981095
2,1.51543777994565
1,-0.08933001465166
2,8.04423468159293
2,0.56153947390079
4,-0.10900957421861
7,0.09668684411691
1,0.213965293196426
8,1.9142536307137
1,-0.41245421027682
2,1.6558940066708
2,5.84933720031438
6,1.42721851014959
5,4.35162293395036
2,0.677439980523335
1,0.853429222172419
1,2.12359819592211
1,0.19852535259958
4,0.55270062699987
2,1.4650525401953
1,0.14567967628499
4,-5.64894642269895
2,-0.424826626406613
7,0.0102382055627599
4,-0.10835233609038
1,7.48827105255463
1,3.20795298090616
3,-0.25906457811876
10,-0.5756808494435
4,2.23412665517046
1,-1.58832444970173
4,-0.005356055846528
3,3.33599166082999
1,-0.045784856975576
1,0.77060177258378
9,-0.57724019655519
2,3.30937668999514
3,2.24171226432114
7,-0.14067871675489
1,5.84052679132176
1,-0.79536535782106
2,3.51968642130883
2,-0.00184242213957911
2,1.51981630343067
1,-0.17775293030107
1,5.22932157715305
4,-0.091047089908716
2,2.67900232062344
4,0.24913773408812
4,0.4765625613212
1,0.00295388153454101
3,2.20835675321948
1,-0.064974918868416
2,-0.000960947560169956
6,-0.210623682498
4,0.830582024544905
1,6.5557984481997
2,3.34378437547346
4,0.63301453295058
11,2.12894102128052
1,40.6433808944179
2,3.33552255095161
2,2.58432453987399
1,-0.954498924116161
5,-0.0036892921363749
1,-0.00686308714191097
1,0.18626720587764
5,0.60414654254908
3,0.023445383078565
1,0.303648872398524
2,0.00435427464913896
4,-0.56055003728428
1,-0.32082896937263
2,-0.168088889036554
4,0.56214250738191
1,0.248353782461501
1,1.23253506740245
2,6.87476298536213
1,0.24822173751012
1,9.54944443827374
7,0.08284497759908
3,0.059492071151521
3,0.097713800288531
5,-0.12026534485035
3,1.55726952242127
1,-1.3666746149698
6,2.8623547900549
3,-0.0879414139855199
1,3.6795471923402
4,0.188087523797761
1,0.216702566355093
3,0.022601637374288
1,-0.90576037952416
1,-7.38040956001802
3,0.23295342727404
4,0.77651066508213
1,0.21728363131412
3,-2.04271034151607
9,2.30732187074625
2,0.08437147775437
1,-0.65331754852834
6,0.00777257722283986
1,0.08064385476515
2,0.0547588577303597
11,0.0763140817574004
3,-0.0044145895211051
10,-0.0316619971693197
2,6.18465992569741
3,3.78149344638086
3,0.0274366874316639
1,-1.5158376882946
2,0.84088243764185
1,-4.84177847986899
3,0.000919738165522099
2,-0.957092239973414
2,0.00915310171206102
2,-5.28998326694588
2,4.46081542503956
2,0.069907480449094
1,-0.16356438608177
6,0.45496328495209
2,-30.122381846927
3,0.02806548775099
6,0.28990817014794
10,0.13209831276288
4,1.84578659988056
8,-1.41930259847565
6,0.37238139724053
2,0.00229937497419876
9,2.24925188247069
6,1.09038726041042
3,0.16374074648356
5,-0.128993508080914
3,-0.0126637800012039
1,2.74230673517469
1,-1.04901213203352
2,-0.4375740924901
11,1.34181135952838
2,0.0156857349148551
3,0.535018492832412
1,9.00033753090554
9,-1.1423674254737
6,0.51605301607326
3,6.93794691119471
4,0.64982528211068
4,0.26765004785237
4,-0.1120463726618
7,0.0913598978846304
1,-0.0138421772705644
1,4.08790460913555
1,0.0040301210225426
3,0.013304769659088
6,0.29445882587299
8,0.52458089724381
1,6.4700022917826
5,-0.19113308950475
1,-0.0016259146994427
1,4.02188665168
1,0.65842594022527
4,2.34055394672526
1,-1.04342494728813
9,0.17191720122578
1,-0.12393775098734
1,0.539061000833059
1,0.837714761053389
2,1.10960715364257
3,1.54108785570817
1,-0.51140443408417
5,2.61320931077222
3,1.54684889805806
11,0.88280100730327
10,0.07827507275099
1,-0.21112628487014
4,-0.297888853467788
4,0.08543964367861
5,0.904924232960387
1,0.149368814500263
2,0.135116785340919
3,2.62195041083704
1,12.018011012681
2,1.90667123881049
7,0.05104652581461
2,3.70710732246096
1,13.7724789232752
1,-0.016939858771208
1,-0.0103906192904302
6,-0.48287929144055
1,0.13867317178529
1,0.239061204056938
5,-0.15565646570859
2,-0.00188400218921431
3,0.19814505737978
1,-0.041625763368469
6,0.17882937898617
3,-0.92832467897315
2,0.83705131040397
1,2.88054065950095
5,0.53547641742135
4,0.949248669140801
2,-0.543445023525
6,0.81217030368337
7,0.72399099920151
3,-0.37049738778994
3,1.23171580645819
11,0.0149148977041566
1,-0.547002328296011
3,1.49581571364607
1,0.091063260214898
5,1.89644188012703
1,-0.56371076854476
1,-0.49717193373201
5,-1.19388258874934
1,1.25433410723611
2,-0.000624452933285204
8,0.342265079710289
2,1.52671066024837
2,-0.180356395664901
5,-0.030442716267475
4,-0.03761030359425
5,2.26317765969807
2,1.86442287624993
2,0.64440363721671
3,0.6544193029162
1,-0.142410706210114
4,0.72419576915175
9,1.37110561613552
1,6.5527325490275
5,-1.90764558553895
2,1.14109770234582
2,1.76667217252802
5,-0.63223162816042
10,-0.47174509544134
4,0.897632261051443
6,3.43059031368994
1,11.436293843301
3,0.89360933916076
4,1.3508692050641
1,-0.19913283261242
3,3.34271224803312
3,-0.071154253042282
2,1.76317381921381
2,2.00864394358089
2,0.0406837211927802
3,2.53976241607508
1,1.03585509065618
2,1.11309578789196
4,2.05820626989727
8,0.036254853273792
2,6.65142992452367
4,1.87769047058057
2,2.99542889943155
3,4.95151568634339
4,1.25560898071387
5,0.059317004968077
9,-0.26611124135053
1,-0.859342638853651
1,3.85719522807073
7,-0.301253472619649
3,-1.05680821905425
2,1.37884194510026
4,0.67207456057616
1,-0.8750437171265
3,0.76717780058011
4,1.61236569120461
1,13.799804433052
3,-0.01082972531613
5,-0.20118196420416
1,-0.13275588993138
9,0.098657376399062
1,-0.35020507416314
3,-0.79847488332303
3,-0.0100152954631515
1,0.00375400402388901
2,0.011818970682392
2,2.23862141023475
1,5.01443892483544
1,-0.018278277859037
4,-0.426581134421573
5,0.0601684048311098
5,3.85683812375373
5,1.78826315431557
1,-0.0422263426581999
3,-0.00176885845407798
6,-0.10421104422075
1,1.78805841465227
1,0.74706414910836
1,0.085868719128388
4,1.42827527055272
1,0.2589323542595
3,5.56082890640935
8,1.23541608097325
3,1.70932667376467
6,-1.54014535732883
5,1.37343164097192
6,0.27469196749795
4,0.00504255007692098
10,0.12860634278952
1,5.75725458148057
1,5.85003748997436
1,-1.69519568546018
1,0.07623717459348
1,1.44689663027923
5,-0.000690810590154398
7,-0.18993164633266
10,-0.1731380120549
1,-0.47723336309708
1,10.5473948631854
3,0.845468987051921
1,-0.44267703026197
1,-0.0131232795371599
1,-0.162965488573912
1,25.0670074715111
2,-3.59003274473159
5,1.41494978567884
4,-0.0130134167288697
2,2.84137440687949
4,-0.88269590183097
3,1.16571309789207
5,0.15747259264117
1,-0.41805291228501
2,0.80390843125706
1,-0.15773772582557
3,2.49822680072096
1,0.266585921554102
1,-0.21621539886809
3,2.5958507774969
2,2.93886184469961
1,3.65227784237747
3,1.31938153627248
1,-0.44137943143689
1,-0.18458456556956
1,0.018957061332686
3,0.033701883504539
1,-0.075099816709771
2,0.87093898658295
1,10.9838517401573
10,1.4194337899496
2,-1.16906157177302
5,0.00487730444988699
4,-0.00939243850138809
4,0.00485203058679795
1,-0.086037509914487
2,0.125990426843694
1,-0.006466875737205
1,-0.2158600874863
1,-0.39809922218216
4,0.855306134214175
1,0.028899424150399
3,0.00869894270424
2,1.32784044237769
1,-4.86237296995009
2,1.84573274171357
3,2.34538355872309
4,0.20293842113998
4,1.26367074594302
1,3.17447086478517
4,3.50983870406856
3,-2.59908458537542
1,0.0401975695524591
1,1.63069923374733
2,1.84200610989977
1,-0.0584776237642703
9,0.68394347315642
2,0.060808550657169
1,0.37716542360182
2,0.00222942067191495
6,1.83737809178554
1,0.99405647367318
1,0.125732803069016
1,6.75353024905425
1,-0.052542379132323
2,0.000629677024063705
6,0.0391655060634402
1,0.50575809008446
2,0.37738158025623
4,-0.01294615525501
4,3.35473222256067
1,3.02547054895223
1,0.2602121171089
3,-0.17871945436192
2,3.06716997125224
7,-0.32323648203716
1,-6.76189701761797
6,1.40886379741328
3,-0.0952723329360299
1,0.14456288045695
2,-0.00856837727417004
5,0.742290081275501
4,-0.48687473278239
3,0.0280596410274601
2,0.451730394118194
2,0.517272451187369
5,-0.20185203444276
1,-1.06071004346938
7,-0.14243540932462
4,0.198678594329581
4,0.31664340948995
4,1.33074631320572
2,-0.17958579818102
7,-0.45874523957853
1,0.00285249933819398
2,-0.36971879649361
2,2.71571484763312
3,0.59095167362625
4,0.80792802741405
7,-0.0502090656211198
3,-1.29559742409364
1,27.2742428814044
2,-1.86726006226676
2,2.99415681650353
5,1.03832457645753
5,-0.232831548441145
4,-0.9536742204457
6,2.56534377537337
2,3.99140348918868
2,0.87482262424147
1,-0.133675862847547
3,1.74425222192212
1,-0.508110358324229
1,2.3084671914539
2,0.99984922196844
3,-0.316682032031169
5,-0.37768104794747
1,14.7573405982843
2,2.14178511656887
1,1.12902055632901
1,0.472252337588201
10,0.52773514698929
2,-0.33373677854834
1,0.198623452143431
2,3.77071505396948
10,-0.33295558302288
7,0.00749137890826002
4,-0.61408044139913
4,0.0049946450617016
8,0.16928098930082
6,-0.10458452884219
1,33.7883217996651
2,0.88432408384296
6,-0.112014695090634
1,5.86885301447273
1,2.77155651355186
1,-0.1105816236717
10,0.018874210482123
1,13.6924586862101
3,3.51129917619153
2,0.45300472271313
1,-73.4577995743776
3,1.92943433214571
5,2.26601855941734
1,0.0021388616687547
2,1.42273678015067
2,0.056602500632002
5,1.07668647038531
3,-0.44397746075859
1,2.9520532553021
6,0.058816005412996
2,4.44368564796069
1,18.7119538025348
1,-0.213544308504043
4,3.36392956465275
1,5.38021265068168
1,5.42288725766123
8,2.58203868642189
2,9.27925307064787
2,2.35418028090617
2,2.46684966100044
2,4.29987573670645
8,0.167819806776272
4,-0.59710183734804
2,2.39021062979482
1,0.21375763502113
3,-0.075024211475505
2,-1.72594131628183
6,1.72582362448123
1,3.43828009783414
2,-0.0054143997549861
1,3.13668364902877
2,0.15662605870134
12,0.88511055718877
4,1.44829517040567
2,1.69423346246394
1,-0.129897410543828
4,1.18889304619597
2,0.46632111357452
2,2.6468668859898
5,0.0593123115396401
1,-1.28345036589651
1,13.1553051679647
4,-0.65757106094252
2,0.648252642430561
1,1.08237829047565
3,-0.00829366652803
3,0.17378683507603
4,0.63248307736586
2,1.53639569435392
4,-0.468305430170409
1,2.96548631806212
1,-3.41224901104533
1,-0.071611381651236
1,1.27093041515333
2,2.08065470308155
1,4.00792979355109
6,0.38779228711152
1,-0.11999317040454
9,0.98058363353004
1,-0.97989849985714
1,0.0344386096312701
5,1.83391414280254
1,-0.55897375016181
2,3.48263611186289
2,-0.65332866011212
5,0.654305858286212
4,0.81859930360798
4,0.233218118394804
1,3.77615581896256
2,1.88912296443284
9,0.25531728428957
9,0.43938336499341
2,-0.134271719244962
3,-0.61194935722488
1,0.034751526619996
2,-0.00221339009506999
8,0.30319927833989
1,-0.43144288436444
3,3.09883558884556
1,0.0061133384412534
3,3.4601003196428
6,3.08277012004233
2,-2.52551851889791
2,1.93632063037598
9,0.130903251917899
2,-0.68373355000529
5,0.0110830611360799
2,1.89194860021666
4,0.4640384373622
1,-0.0915317953944599
2,-2.35299863481176
1,0.032179416499938
1,-0.124526040463658
1,-0.38923752809594
1,-4.2539316975305
3,-0.294644027209727
4,-0.948454968218137
4,1.58611919054891
5,-0.0043123095102875
1,0.0159670458977119
1,-0.7674105144001
4,0.204688109437599
4,0.007909586737817
1,-0.12702700717423
3,1.03840504904665
1,1.16839507357
2,8.53062754515837
2,-0.0012934085516451
2,2.57447110973429
1,2.29963949292656
4,1.44594632659492
2,0.72460519192677
3,0.751636219604489
2,1.3557642976648
1,0.35394036112685
8,0.26873698442329
2,0.927573632342128
3,-0.56669738959898
1,0.27773999478034
2,2.98587500653765
2,2.25318122003395
3,-0.0496765504264198
1,0.9799722916334
1,5.29360939494586
2,0.194760202874851
2,4.71059333785244
7,-0.51271157290243
6,-0.0428467254845595
2,1.90043371614371
3,0.469478383142362
8,-0.170290079205112
8,-0.16584103666794
4,0.42844055874079
1,0.010817446481805
1,-0.136739730280139
7,-0.21182627431561
11,0.84763076039045
1,0.20418219866755
1,-0.004106140745261
3,4.21171143102499
2,3.984687177761
1,1.35987206572426
6,-0.0359280571083225
1,-0.416744576604359
1,0.017645976446421
4,1.78634223913271
1,-0.0011509672674362
9,-0.140814398021586
3,2.20384538886422
7,0.2048911073569
3,2.06410159487211
1,-0.04698572412781
1,0.36991104121925
2,3.54014198621787
4,0.43374563920429
2,0.614919197391372
4,-0.277412399375847
1,-1.6692771733854
2,4.19668557954285
3,-1.13620705848098
1,0.63517863299856
3,-0.70540320216878
2,4.09535058879438
3,0.40793317453118
3,0.396493070154781
3,-0.000231347727067399
1,0.75465583166968
4,2.70093581016046
1,0.0419938980916497
2,1.63700981550443
7,1.26685320682288
1,0.24093405976724
2,0.000365946139913701
3,-0.0045326936428086
5,1.97430297831893
1,-0.00273596196082404
5,2.04014570112824
3,-0.1984726397671
4,0.178981795105505
3,0.47699585462293
2,0.63794888006824
7,-0.10491557388442
10,-0.41038955425791
3,0.023134959641397
6,0.28013491967549
3,0.030555987875082
1,-0.11360393814574
9,-0.78582405466989
1,4.61454817694036
3,0.000614895045589099
1,-0.014376078538601
4,0.9920999389411
4,0.500731913324322
2,1.46574537902106
9,-0.3458770152184
2,0.61726178355683
3,1.56071921832146
4,0.38381177916988
3,0.000896573898100002
9,0.493759689831575
3,-0.0005966054651192
6,0.209385969651278
4,2.32937992097369
3,0.0035053381683276
2,0.57036097576209
2,-0.0224775829919799
4,-0.0117655295040934
2,3.87556581747308
4,-0.42307395016791
1,5.84290331904824
1,-0.39133591699184
1,-0.1841163133479
7,-0.54058861724542
4,-0.43278366609808
3,-2.16290196624203
1,7.31858308330699
2,0.516191389593326
2,-0.778665115869347
2,3.89419203672855
3,-0.0171175620962198
8,0.59345271607124
4,1.70063813867886
10,1.59783107245952
8,-0.3620931817208
7,0.0982271997481101
1,3.18445475494565
7,1.68157429965333
5,0.00175611419017496
9,2.47785046635311
1,5.98469199548392
2,2.85581477078496
4,-0.0997654391273102
2,1.7272061448774
2,1.52562487404444
7,0.58594957942959
1,1.4310299703782
3,0.20511066127229
1,-0.036085642819371
5,1.73343833417731
5,0.812734012802606
6,0.279242699023905
2,12.1462077314182
4,2.21217236479924
1,3.31132457703407
5,0.8981034509235
1,0.000637412233783101
2,0.0163107671118606
2,-0.58372204552412
4,0.00423603745317502
2,-0.045293626535371
4,0.0035118935657374
3,0.008727174102267
5,0.0226944512011702
7,-0.53315433985604
1,-2.52209405442642
9,0.11709650768764
1,0.77411814198138
1,-0.00744633632837904
2,5.39613487014021
4,0.857371055847592
4,3.011214021489
3,0.702169421766101
1,-0.54234815694303
1,0.219626036937606
7,0.47021705714558
4,-0.16049142742459
2,0.29992150954472
4,0.05703561222235
4,-1.35418456197572
2,6.0171581976415
5,1.61408602936021
2,1.40426805386824
4,1.39594425500352
1,1.2134825477479
1,0.566802807726408
2,0.056289506924219
1,0.0271873421739999
1,2.94372053977551
2,0.28538065989616
2,0.088398990774677
1,-0.07658535596367
2,-0.72575956401169
2,0.021306640971809
2,2.33408255666071
3,0.0158925602136799
6,-0.287199222728947
1,-0.26030923522251
1,-4.28304088960261
4,0.991967376665032
3,-0.0352945998329249
1,2.12987935010063
2,0.21308047606617
5,0.0113976967102301
10,1.23084425903382
4,1.1056692252134
1,0.1899732554222
3,-0.6299091289123
2,2.48897168801049
5,0.000785892526399934
3,1.05217781262578
2,0.0229597239565811
3,1.85895907426411
6,0.58355856090255
2,1.2319279308858
3,0.73762490172613
1,-0.22231914855169
1,0.231867286673699
5,2.28210856439209
3,0.447204300730207
1,-1.14615829572004
5,0.574291229580357
2,2.5109442977425
2,-0.0113419527415199
2,0.41320612476984
1,0.23535769484897
3,0.0009482621599116
6,0.49351577668465
2,1.68578992757585
3,-0.55672134015584
3,-0.41390671304521
3,0.681008506927462
1,-0.32060563554764
3,-0.0561692053205403
4,-0.027037110885097
4,2.19970663684593
1,0.192939539838971
2,0.018705425942182
2,0.12998673601218
2,3.72180076337745
4,2.47110747208631
6,2.57940902091619
3,3.59214032797026e-05
3,-0.19818994136416
1,-0.0297811743353902
5,0.51897533397002
2,0.00757320369453202
2,17.9158981118865
2,4.49822479932713
2,-1.8796266512633
4,2.05574003299696
4,0.821070324456249
7,0.15123967241466
3,3.04912120909674
2,0.44819014305797
6,0.45878193491558
2,2.05815524291548
3,1.27992665938893
1,5.38431019303516
3,1.15373272069493
1,0.00281586121870001
2,0.00948143559310902
5,-0.656111114659133
11,2.98338513103147
3,1.61422373062397
5,0.00588208519830899
1,0.22438150029788
2,-0.0463342741285997
3,15.4973299763602
3,0.49198649990064
1,-0.0549820331262401
2,-0.0252371263997198
10,-0.38638696740914
6,0.38508894911138
8,0.45256104632084
1,0.148968388194409
1,0.631858768341723
6,-0.15857752193525
1,0.447819806638748
2,3.51799935720002
4,1.77859319932972
1,-0.120686188226654
5,0.86846654378883
4,2.18655205072585
2,0.096803529714474
5,1.36463704168427
2,-0.086235677182145
3,0.09050232177484
3,8.5769228519608
1,0.22984273230493
2,1.41048232896769
2,0.274890255475047
3,6.36181345947002
6,-0.0528237221180001
5,-0.038516596474609
2,2.00418657419907
1,-0.0353336367892081
3,5.7537700953
3,-0.165291515022596
1,15.1259487992126
2,1.9416741568311
4,1.19080521197471
2,4.18921712740435
6,0.269849705330271
2,-0.0495071181536809
1,0.280232235515095
2,0.00465476765832001
4,-0.69707207180649
1,0.048506600785707
2,0.015934883833984
4,4.44437652718358
4,0.544475623351927
9,1.76520407301003
3,0.99117631944054
2,1.10971031313854
2,-3.51066115960496
2,0.99578849034561
9,0.857023737922739
7,0.280372785749611
1,0.0591208133047001
3,3.70085776220023
6,2.5739684863327
1,-0.0445397877029099
1,-0.44407505614951
2,1.82141354667945
4,2.19109353452301
6,-1.21313508286678
4,3.35058964888206
6,-0.0374110185066803
7,-0.16228966750399
5,0.41054944876776
1,-0.69384060401273
2,3.19493444756605
11,0.02313993600862
8,-0.936027976656704
3,0.24874211999472
2,1.63871395785064
2,9.07076196472005e-05
5,0.38896365657412
1,-0.32762367603231
6,0.007546588522271
1,-0.06406366759827
2,0.0003803459455867
1,-0.032907180787108
3,6.1416089527569
2,-0.47302201334295
8,0.62173521953614
1,8.71303847717674
3,0.49943547509462
9,1.78845360034185
6,0.00731312124672601
1,-0.327523984082281
3,0.22641478335446
1,0.325785528387069
2,0.040924082731005
9,-0.783162450903411
6,0.14727894454484
4,3.60859462117786
10,-0.22357713452031
1,7.99044432476269
5,0.36935436384147
3,0.10675803386348
1,0.5822752527951
1,-1.72336791756219
5,-0.21490776791163
4,4.79187249233849
1,2.28967987323569
1,-0.33648385441668
5,-1.87109904423211
6,0.25374208454576
2,-0.04351421240301
7,-0.99146483718216
3,4.38824509819186
3,0.94976897493556
1,2.44058459548686
9,0.0681474232558501
1,-1.3370117196112
1,0.444325763892462
1,0.01534815562884
9,-0.18479801352736
1,-0.0381616890102601
2,-0.0293428718232502
1,0.437355470394832
4,-1.07415558194547
11,0.40295557539647
2,32.601351325199
3,-0.0058680230206133
2,-0.040316410368185
1,-0.08315220176869
2,3.48886092989576
4,0.017755601713161
1,-0.16485453879003
2,0.9676827939408
3,-3.03654873201855
1,2.19172440680767
1,1.7643297650432
4,1.84314496192379
4,-0.172556586854459
2,2.21222303959317
3,3.33620979282747
1,3.21257081105674
2,0.19865698061831
1,-0.24679804488353
2,1.18701132092439
3,0.66060637300195
3,1.08655181340107
1,0.506616421244792
1,-4.72701643420418
3,2.84858168016464
2,0.271483742257774
8,0.961489940916981
2,-0.194362293227993
1,0.638304501548496
1,-0.069114061365005
1,-0.7783116154324
3,1.51928862495475
1,-0.88846180744342
1,1.65501142449987
2,1.60088727865506
3,-0.147716075976207
3,-0.28494821018108
2,-0.085931327418237
2,1.88731842628854
6,2.50286924494456
1,-0.1370621587793
3,4.26168586706082
3,-3.93364093528334
4,0.70845220058238
4,-14.4686840645906
3,-0.281943888324255
2,0.000658509395469506
1,-6.42039284398999
5,0.84177305299817
6,0.15740897804979
4,0.22925780850976
4,3.86571882603274
6,0.444617603222084
8,0.744458623412383
4,1.360254656441
8,1.06890027012768
4,0.94464571670716
1,9.12144731750059
3,0.20340902082129
6,2.58664886198882
1,0.20630366548781
5,3.67993119195899
4,-0.00923562150589499
5,-1.34066647510238
1,0.51234366447171
1,0.050682403305381
1,4.62901568066695
6,2.44515702101825
7,1.40759474556476
1,0.00312488896213731
2,0.455034745045851
1,1.89289936473416
2,1.60212159804669
3,3.20751952006348
8,2.2503562122537
3,-0.39160232334899
2,2.61953748916453
3,-1.03356205126024
6,0.130961509998
1,0.032442049731372
1,-0.23598397675751
3,4.88929228606579
4,4.03587361656845
3,-0.231386658736538
1,-0.32676372076693
2,1.43918193898545
2,3.10591307933576
1,-0.72590395645292
4,1.40150064876266
3,-0.126496478115497
3,0.86158915545852
1,0.23387821410194
11,0.30738194030455
4,2.55128875676708
3,2.03559524388896
4,1.61833679486547
1,10.8746928156937
1,10.3775427011988
2,3.38496427075236
1,-0.0994363888059899
3,0.0022945830337031
4,0.00743494271683798
3,0.8506459188218
3,0.6083817657235
4,0.0499209518419201
4,-0.020286974742422
3,2.42138357430659
4,1.60759294348574
1,0.004928172227453
5,0.17394177409458
2,-2.21189568518207
3,0.00990108250496002
4,-0.0100690089110239
1,0.00325160682413471
5,-0.0733413782207402
10,-0.56712660319139
1,-0.49328604174628
3,2.2276045244883
1,-0.12299864620605
6,2.05175917380015
3,-0.67634278524589
1,-0.0374248238842659
4,-0.42919022116851
5,2.80931576088726
3,4.37278361755353
6,-0.20242593106532
5,0.61170491287402
4,0.82424993702875
2,2.83568904365295
3,-0.22192436713718
1,-0.03051008501797
1,9.22015338751058
3,-0.019869851845941
3,1.81637144188338
2,-0.016529651774962
7,0.10750265350406
3,0.5251195718994
4,0.745361787614154
2,0.0222980251812697
1,0.79087316146386
6,1.89330574034196
1,1.95867112235841
1,-1.53337672104904
6,-0.4484419420586
4,0.66971045451621
1,8.64417831142099
6,0.89185946520802
4,0.58226686490519
5,0.11027927645698
3,2.72363706073485
9,-0.4527559811465
3,1.26686116076169
2,-1.37520488287194
1,-0.000918325384827601
1,-0.89824717238827
5,1.18908509741311
3,3.38725453209181
4,-9.01314084565432
3,0.015288814705834
1,4.20450510655149
2,0.4363890284738
1,0.0016005194493426
3,2.13713116016022
3,-0.59982723430525
1,1.08451995660825
1,-0.019533202312664
1,0.40588885114037
2,1.66492708235166
4,0.20033950387103
2,6.70612625205629
2,0.70143175853625
8,1.08220767122546
6,0.250061384336978
6,-0.28660480586856
3,-0.59715580835649
6,1.95373361861908
1,8.63512697089887
1,0.25019509563284
5,-0.36712590669782
4,0.683921889457831
3,-0.2999737936224
1,31.3188289671799
7,-0.0769180853863602
6,0.29568820342997
5,2.60988386049248
5,0.572358619531209
2,0.489009591107184
1,0.14300250361016
1,-0.00989202123597988
1,-0.98081293882659
5,-0.00986729584526991
3,1.47955493657832
5,-0.382592848125334
3,4.19019288168789
1,-0.055710399598678
5,0.01779683081672
1,0.00135347971093902
10,0.12128531306003
3,0.197189231510408
1,-0.91213888020103
1,0.00730036479189011
5,2.43505584125497
3,-0.014683413973698
2,0.0772469944873561
1,-1.2877626411335
1,0.00153678435899998
2,3.6696486270823
3,0.66794797704162
10,1.4037502260601
3,3.54615704003507
3,0.15209057578739
4,1.20231845819567
5,0.91167900696267
6,2.10573359858366
9,0.90931757494599
6,-0.14939718104267
3,-0.2715637320714
4,0.132012650330583
2,2.03555958411661
4,-0.69405104185888
5,0.67992842803946
2,-0.01344510790355
4,-0.247077096302862
6,2.96309675186378
2,-0.40496581920488
4,0.1071603055044
10,0.298998062319999
3,3.31225581305192
7,-0.01257623293239
1,-0.3393046550536
2,-0.0203990233075253
3,0.905114575148917
1,4.37610378628875
2,1.62150536875847
3,-0.01058804710213
7,0.31099949616731
10,2.19770167643525
12,0.77786233057611
4,1.09653255389986
9,0.884002180202167
5,0.13196617458624
8,1.12983960354113
3,0.117369628593389
4,1.32296428187403
2,1.20954016923505
3,0.834266637794958
1,-0.30900846437439
2,0.193632562179
4,1.10169054418098
4,0.655356880193996
6,0.162769052702771
3,-0.0332363520443499
5,2.0049707962662
2,0.0045977778234896
6,0.38482197982468
1,0.0278957287372363
7,0.0931998355359039
3,1.59535320741913
4,-19.2850119662185
2,4.78582332533662
3,3.13321187831271
2,-0.55077697502333
6,1.22526129500234
8,-0.14593937123856
7,0.500717712119224
1,-0.51758287381627
2,4.48202373159839
4,3.92537926608541
1,4.06438051835873
2,0.94233423772188
1,0.000745803499287989
3,4.27288220529679
3,1.25699157689657
1,-0.0042811774298244
3,5.08752540796575
3,-1.86665288398907
7,1.24705733364779
4,1.10874088304709
3,1.38795857124708
6,0.292413039336311
2,3.52860218586932
4,0.90721507389835
1,1.99137448202774
2,2.99265954205032
1,-0.021996805239488
6,0.38183400030189
1,0.0686615142712199
7,2.23601791498602
6,0.146820106489612
1,0.0314956541626697
5,0.139809574923065
3,3.43991975879659
2,2.28446521681388
2,4.37772332157759
1,10.5973412132442
1,-0.14467935523957
1,0.076646120042157
2,0.003707232836587
5,0.0887967266907101
6,2.52084139528934
4,1.60568309339683
6,0.79711931095092
5,0.26993031836161
6,-0.3975372562655
3,-0.357615827556312
3,-0.49875722892341
4,0.71920418009484
4,1.65441748701716
1,0.0162238944585472
5,0.202783066970908
3,2.24249498931015
4,-7.0610782913501
5,1.2815061674004
2,3.18327156795005
7,1.14019557929868
5,0.024055789264118
3,2.27699134467973
1,-0.10612159300214
2,2.12949412721209
7,-0.21058449559147
3,4.35849077850794
2,0.0003516059596224
1,-1.09316670847392
4,0.670366818995077
2,0.000487446313725798
4,0.060174463952378
1,0.0171531987634603
2,15.5286658936827
3,-0.262854873706451
2,-0.165613059260584
5,-0.26039061571017
4,0.007411131010368
3,-0.61358681547021
6,2.40782470711223
3,0.035020805268394
1,-0.53855532062232
2,1.76795966418479
3,-3.54125708103652
1,-1.89163621244589
1,-0.3668447209237
1,-0.33903524338735
2,-0.0694796869057401
4,1.19064727704349
4,1.58203725820488
1,-0.0306297075237948
1,2.21512853274114
3,6.22155963297048
3,0.427751594307838
1,0.997813329810144
2,4.54663633277453
10,2.16270703870022
1,-0.017923556461963
4,0.538052571566767
3,-0.0776339760515422
6,-0.19720091980182
2,3.1909304031929
2,7.27901945996074
9,0.49497111327425
2,4.22839970156346
1,-0.0104987023501793
2,0.000493489096651503
8,-0.18270680364983
3,1.70143173501453
4,1.39602855706571
2,13.0621927687325
2,-0.0106505563594699
3,0.0020209085469171
1,-0.115440957375049
5,1.23930639805403
4,-0.65297287398781
2,0.000594231382393399
5,0.27043772634236
8,2.15467606048608
3,-0.41219064516563
2,0.18064094439161
4,1.45349452806043
2,-0.69242038747732
1,-0.766016545215798
7,2.7130229295611
1,-0.184186352922196
2,-0.0048742056703383
2,3.48853258524085
1,0.0702663095298597
1,1.51593149760172
2,-0.63154711022619
3,-0.10730269348667
1,0.240000630575563
5,-0.029790317308585
3,-0.124167277968525
6,-0.0781897663379905
4,0.10323710550025
2,1.91228169538563
1,0.280831255700556
2,3.7728790860161
2,2.74868085115022
3,0.86168599871046
2,3.99447593794574
9,1.48199118012134
4,0.159818284236287
2,0.79894874782374
2,-0.000266227679259802
6,-0.0679326302442
4,5.19707402788347
1,0.0084086988767916
1,-0.19433742633282
2,3.21686644563661
6,-0.0578062000547197
1,-0.76891304333041
2,0.30393397106205
1,0.29794042256473
1,-1.85816555704362
1,7.90787749642735
9,0.47145616579025
1,0.02737983679495
1,7.55282539840712
1,6.41933946195719
1,-0.0282429391013297
7,-0.03255653754454
10,0.69439850199891
4,-0.502650158985363
2,0.49837706163892
2,3.4893139344391
2,2.25896402826685
3,2.30655588355402
7,-0.39291742179045
2,3.10947870652604
1,-1.1055250649696
4,0.189881575847137
1,-0.035520044910191
5,0.09621760233378
4,-0.147520024833463
5,-0.016198486929376
4,-0.656225513329252
2,-0.31855137098413
5,-0.016797167881331
1,7.327399453363
1,-0.0573023935163204
2,0.10159884991345
2,-0.000718192024598295
5,-0.11839870726369
5,0.103559915371578
3,0.00668618563020701
3,0.332250683408235
4,1.68523573944187
2,-0.61576555732327
1,-0.0471900142557899
7,0.14243124682335
4,4.6641634131883
2,6.02647061632361
2,-3.62738371991931
3,2.2684462533729
5,-0.48987398076481
3,-0.24633365192112
1,-0.12357335756823
2,2.30180278736785
1,2.162156147577
1,-0.65683623175004
1,0.00222018738033897
1,0.039739051877519
2,2.7745389921741
5,-0.3155382585666
3,0.03735571382923
8,0.12410074953371
9,0.294737283754909
1,0.19173481439044
2,-0.05951807888731
2,3.0914124007797
5,-0.0496972438520831
1,3.27514862658501
2,0.13521169580795
1,7.31150766281557
3,0.0166139168584398
1,-0.01973233785854
3,3.3733614061654
3,2.8732933686622
4,0.41639835941069
9,0.0825237265396499
7,-0.966676771689512
2,0.00623429693981503
3,5.89249779565973
2,-1.7485575343294
2,-0.23644883204372
3,1.15124111706266
2,0.56969620969623
1,-0.64764396593469
4,0.00244245793526499
2,-0.28009945683923
4,0.56203166765287
6,1.46875605669435
5,3.32399006797463
2,0.0190314650131917
5,1.54955457001563
3,1.68101590528027
1,0.3006724876942
8,0.326541640535155
9,-0.76657692362693
3,-1.14411009643911
8,-0.49663777537386
3,-3.51760181488973
1,-0.0707182763930053
2,-31.0299472517994
5,2.28036229018624
3,1.70541237902074
2,2.40251030222915
1,0.23675687395843
2,3.03714654087211
3,-0.305463768305669
4,0.00749130766780404
5,1.25113295317043
3,-0.47381077057512
1,8.47991118154609
3,2.07337481706032
4,1.78365326406007
4,-0.43809933385882
1,3.73444253675822
3,0.80458276707283
1,0.0048887139627057
3,0.0313722644962789
1,1.91914869939257
1,-0.85427194075473
1,0.835746820933582
6,1.85054866209596
2,6.64744075553057
4,1.32677190857459
8,-0.94690664613436
4,0.014383075447319
2,0.0023344027468404
7,0.13642777887067
3,-0.21578749845285
5,0.88016104291986
5,2.6562307093434
6,-0.026944005773821
7,1.47600466927021
4,1.53648041085421
1,3.38361927678397
1,-0.125252302281076
1,4.09838315645
1,0.38418252489816
2,1.65017018510539
1,0.318756706834104
1,0.268869755501301
3,-2.21496081819389
4,-0.36573687936707
4,0.67613564266803
3,0.28407349395348
1,-0.2253691618316
2,-0.37210042499048
1,1.82211117464392
2,0.98700139338262
5,0.00408536834081996
5,0.32880978111013
2,0.071373398452555
3,1.32980610273017
2,-1.9547625514161
3,0.0011194300380515
2,1.95239775739684
3,0.47049638612415
4,3.30950700919034
6,-0.08649651660921
2,0.45952530282011
3,1.24310982577153
12,2.16666411894349
3,0.68467246828692
2,1.51723492396233
3,-0.033682055067857
1,0.16075747999706
5,0.58093905261551
4,0.22262572895137
2,0.029029951807548
4,0.89273523467344
6,2.20577111951221
7,0.62434306650554
1,-0.316050738599069
4,-0.52021600201074
3,2.28640238299139
1,7.49794934210746
4,0.59183545984718
3,1.13727603657722
5,3.2307592456091
1,0.025468521461464
2,0.012720005273375
1,2.87050727113358
2,1.37339073257272
2,-0.68432827159474
2,2.49921508395805
5,0.72835662631631
10,-0.187457787169048
6,-0.36429103308026
5,-0.11277106310321
2,0.05682931622499
3,2.0133662278136
1,-1.0633381498611
3,1.2747257675968
10,-0.1017549420347
1,0.00984275435188797
4,0.7279692867207
1,0.24049644066122
1,-1.14735590632288
1,-0.0397553472319011
1,-0.0190724238813802
3,-0.239478383668495
1,-59.9513633660769
6,2.84832288845385
4,1.82364770462347
1,6.6690068915363
1,3.5804589234695
2,0.30866304477029
4,2.49704087804053
3,-1.11105781609391
3,-0.18804495014578
1,0.1024759728286
2,0.00809344986843299
6,-0.0980096635785301
1,-1.9643916907673
1,0.276096052499
5,0.36341938198027
6,0.550853470886589
4,-0.84752153480592
5,4.91478311521046
1,0.844099753105236
4,0.193754767976674
6,0.704636888808276
3,0.78255397557147
3,0.017277306607548
3,1.61038775920522
1,0.50012920743171
10,-0.23836320515742
1,13.9332264608368
6,1.8224681726296
1,0.020643327805545
2,0.0060217193227568
1,1.49485516645962
1,-0.046879126443896
3,-0.014654877005118
7,0.0224357423438302
1,1.10004662383646
2,1.24474901239275
2,0.034893398769668
3,-0.00925039566276598
2,1.97605881065326
3,2.01511633477677
4,-0.48919247927892
1,-0.64450265567896
3,1.1350844136961
3,0.41817155623257
2,1.05082433509095
1,-0.0462800308935498
1,-0.050615341892883
5,-0.185656793374369
1,-0.033171566117501
3,0.023033538100788
3,1.62253072275751
1,0.0851137689361496
2,0.93038337152409
4,0.715938978204653
1,-0.23249284669559
2,2.67194330771824
3,-0.35511499233117
1,25.5503603692757
2,-7.46033795315169
4,-0.2617023386529
4,0.143902352278224
3,-1.6385991063182
6,-0.23897010149936
10,-0.55914275734682
3,2.4752211052368
1,4.17957024175643
2,1.67034045705691
1,0.428028060722579
5,-0.33291248036223
1,-0.45818132589564
5,-0.08465753944122
1,-0.0848764477030799
1,0.010729117310281
1,1.08557854520748
2,2.34985273469607
2,1.93637771444382
1,0.032356510359109
2,-2.189400125957
1,0.00537694513525799
1,0.223217866464681
5,2.19726512425065
4,1.12453647067395
2,-0.042487384331126
2,3.91475469963716
3,3.56834007945526
1,2.68215736427994
2,0.059215563817005
5,0.63272261225774
1,-1.82129248820656
2,-0.132562495939693
4,0.632570850295259
2,4.60007701421132
1,0.00452790038837192
6,0.153592696842364
5,-0.85241737118237
4,-0.30987807202501
2,-0.23983255497103
2,1.86649984478168
2,0.96088147474415
6,-0.046780620806
6,1.22976681371816
2,3.84432742818054
5,-0.000352301406541099
1,0.976662591538801
1,-0.22979186575283
4,0.40634198971354
2,0.0429324560167297
2,-2.08615190061591
5,0.286470886421249
2,2.95347815782412
3,0.682851433455687
3,2.63510213676453
2,0.94987283533117
4,-0.58895780389794
4,1.88419061809338
3,2.76933240098579
3,0.11166029876029
4,-0.666493200657072
6,0.22970122427841
2,-0.050904531832313
1,1.59309350724518
2,1.37840488903639
3,0.019157524065445
4,-21.3576228171696
8,3.09997180554671
1,2.26275347235964
6,0.192743268293936
2,0.0446141143576302
3,2.28201864725536
4,2.42580623465936
2,0.638402231587749
4,0.68892684068658
1,-0.0016451942768254
4,-0.43068976876737
5,0.139542779427418
5,2.94268939845816
1,0.000398728269517097
8,1.54234529905285
1,0.846859568959796
1,-0.121995808873494
3,0.0957860457250801
10,1.60085476744865
6,0.083768586316901
7,-0.17874198701109
1,0.51243469737115
2,-0.029937103926579
1,-9.62442405008464
8,-0.156777007726371
1,5.89438423196806
1,0.0397014400643503
6,0.40125930556142
1,-1.84055199673588
4,0.006810386817965
7,0.02988731742786
1,-1.75503138848204
5,3.1913466831548
2,-0.948177076280922
4,1.76846857220673
8,0.878530256005924
2,-0.327760336653965
1,-0.827520072993489
2,-0.090521299328014
1,-0.02886384788403
2,-0.00212515712605811
2,0.79078872317978
2,3.08182787582526
5,0.322121192104421
1,-0.206939797405366
5,0.10836670264852
1,2.45197224542982
3,1.54620779399051
1,-0.00873872224522998
8,-0.074670554143234
1,-0.14205961300181
2,1.88527021837883
2,-0.00148473324556429
4,0.00517027639789003
5,0.239433312148577
6,-0.10726215851486
2,1.25429652991864
1,0.212980021981878
3,-0.011291761834355
3,-0.013355413893687
3,1.96393401172575
1,0.0038662475646741
2,0.012749264085197
5,0.378209689341932
1,0.23013952922686
4,1.75400485887237
6,-0.65823646003803
4,1.7539703498099
2,3.60123365875082
3,0.11923035532038
5,-0.28141172399588
1,-0.35012556755993
2,0.00873331494642998
6,0.19194231225312
3,-0.847270501709667
2,0.024473515410056
2,-0.044679770247068
6,-1.29193323110644
6,0.61127091863295
1,-0.0015341126876712
1,-0.00412627040181296
2,4.18987123023951
5,0.78261785752444
2,2.88394280298473
3,0.24973472302813
1,0.36021053996279
9,0.13939046822271
1,-0.00333795823900984
5,4.77947400432684
2,2.13709142720995
3,2.44841026965673
8,0.72697653126365
8,1.90824630167881
8,-0.18504216440359
1,-0.0763546184697401
1,-0.31160703449676
2,1.22014092111779
2,-2.07491091354938
3,-0.0471774027857901
4,-0.59710046819289
3,0.26281936424221
8,0.13431416478972
2,0.0286709138894601
7,-0.02615564428499
4,0.511729523224886
4,-1.04113149935643
3,1.0976643023754
2,3.77930812008034
3,2.30744962093701
8,0.43517373271445
5,4.59077090764054
2,-16.150889196244
9,0.62392780235652
1,-0.0802275640515999
1,-0.040415583824729
1,-0.15280500616752
1,0.009385039632229
3,0.85817123363175
1,-0.16010114884053
9,0.540302579966251
4,3.07861348897306
1,0.292695665315079
2,0.00598344300704501
9,-0.22152158189996
5,2.17333963605935
6,0.115815875655504
7,-0.63317135115251
1,-0.047354189977367
8,0.10132169211012
1,3.81379602714372
6,0.9162070749446
3,-0.38496562990096
3,1.4948105253858
3,2.25800807010956
5,4.77302966303959
5,1.30707249849242
4,0.943301453393741
4,1.09686358065009
1,0.45607646616055
3,0.015192599202391
5,2.55646543912985
3,0.0011856158191806
1,0.0682364122256432
1,-0.033574470582537
4,1.56675940783436
1,1.65673861343278
1,0.144716803994475
1,7.94840223169686
6,2.98957168361969
3,0.27954266274031
1,1.69584225989342
2,-0.854499115721247
1,10.2922008287925
3,1.10609061688381
5,0.854134522577572
1,-0.05657294522487
6,-0.18174191438378
4,-0.65156604040802
1,6.06855189922777
6,0.723348948484889
3,-0.00288083675962903
4,-0.54348991912172
1,-0.86810133033992
1,-0.00297819192469401
1,-0.10089374425567
1,-0.7563342070648
1,4.08996467226245
4,0.7076999369975
1,3.55289329852743
6,-0.20184906945605
1,0.0271911241800568
2,0.00929216937083299
3,4.98951704108997
4,0.54831911318312
2,2.59944907367434
2,-0.271436649796318
2,11.1578619288226
1,0.79433645513271
2,1.94190479279563
3,-0.0964110899385999
6,1.80621219686997
5,1.87998929724165
2,3.30779982274013
8,1.2479208607316
2,1.04866324094881
2,-0.016598421584916
4,-0.000790491019134976
2,-0.58759779797151
2,6.64408909550754
4,0.31589852141922
3,0.54623507183817
4,0.78634161163875
9,2.75940854525017
2,-0.861885720081342
3,12.1199493167387
7,1.8689713764577
6,0.96293818067937
1,-0.0514811123164103
4,0.000997141558577996
2,7.5031057731471
3,0.010517390944487
3,-0.011983982593123
3,12.3203397053472
1,-0.19245187516835
5,0.74187824025338
5,0.840824820119813
2,-0.051271536047846
10,1.52753587640657
3,1.26031392766029
3,3.82778712125111
1,-0.13766276119003
3,1.05746373702299
2,1.62582675488938
5,2.42917296099039
4,-0.0798759092814221
2,-0.09383049895712
3,0.048750681220975
2,3.18147458756535
5,-0.37994260806182
2,1.14254758461566
1,0.20064559156373
2,0.32568356758981
1,0.430808747717042
5,-0.12587128208057
5,0.0033753582133186
2,0.116683691059219
7,3.88939304956566
2,0.57358888989824
6,1.83495685951636
3,-0.99368659901181
1,0.05252864523412
6,0.889877683004252
2,-0.118134046729058
1,-1.23925643708779
6,2.89662510022503
1,-0.0437242153048496
5,1.45789791288712
1,0.045310330623246
1,10.256567306237
3,0.382649495273055
3,1.6113297051078
3,0.837157689667779
2,0.38218353994546
1,0.78622234202469
3,0.5986361518004
1,-0.0884620713712603
4,-0.102990611204727
6,-1.41708630368852
3,0.000306200790547606
1,-0.39456869351589
2,-0.029995399266524
1,-0.0182876140952746
4,1.71038419860109
4,2.16888502577246
1,-0.8032708709245
9,0.16173079697825
2,0.00319782714457001
1,0.010465849575126
1,-0.33392084350955
2,3.11497618452854
12,1.15358933638046
2,-0.073698025233634
1,0.22406731264504
3,-0.157102980897798
2,0.244521743883318
2,2.30115910891428
4,1.98218599632506
1,-0.40259936031553
9,-0.00603496809126014
1,0.28759279420014
5,0.32244390191338
2,-0.52696036574185
3,1.01838169204067
4,1.96802740515007
1,-0.08892821009619
4,0.437641408292309
1,0.15093827319631
1,0.0301799228945453
3,4.31950930617464
1,-0.21989227701608
2,2.64391794755612
1,10.2055625202965
11,2.87925606178327
1,2.36828941702975
1,-0.0509154821569098
3,0.013158147473986
3,0.0882011032983601
3,2.49812644503415
2,0.49267151402203
2,9.4857743488798
1,28.6149389990911
4,2.39577497978928
1,-0.139079352844009
2,5.46351336116964
6,-0.77709022593876
5,1.75385140389863
1,0.264022758438511
1,-0.28329420161408
4,-0.0953558032553099
6,-0.0811523540415002
9,0.5461293847604
10,-0.381515569607725
4,0.782571162560269
4,0.20313957706345
3,1.68686154881882
3,3.4242036359214
2,1.19420470200168
3,0.778632548531699
3,-0.13943880290226
1,-1.0226736695018
1,-0.016229358852256
1,-1.51422924106198
1,0.59826352408404
1,-0.87181762514917
3,-0.762594355867622
5,0.63120477847693
2,0.0489243533286099
3,1.63869508421429
3,2.36336719724847
3,0.776895987231321
4,0.044359248957815
6,0.514468488485626
2,1.72781884998821
2,0.511489352875514
6,-0.331473318425248
2,-3.77682694779329
3,0.02896993724306
4,2.90506445512582
1,-1.800007020698
1,-0.153239460215448
2,7.54277381803678
1,0.122524472865432
2,0.04546508500415
2,0.43166375823331
6,0.30949159239152
4,-0.961343955942678
1,30.390854899051
3,-0.238572047353073
3,1.67899279669622
4,0.47842623585166
2,0.397162844413568
2,4.43667948436526
7,0.1115005393264
3,0.624338888226041
1,1.20372698485688
1,-0.15473033142761
8,1.87206938250622
5,2.57151940596364
3,1.51445783365858
1,-0.20991131541926
5,0.149026337398315
1,0.18833355052577
3,0.73186440028187
2,-2.72740890791598
2,2.20903209570541
4,1.53501132139705
2,0.0175458940300497
1,-0.000136742564737499
3,0.25064597999004
3,1.88918719030346
1,0.727580906469
2,0.73350380971065
2,5.37689946282923
4,1.54147033449621
6,0.002847728275401
1,-0.086478395415245
1,-0.48103261156603
4,-0.374265432916504
1,-0.11267596331151
2,-5.91792656075302
1,-1.00659642478653
5,-0.868894673929927
3,3.84487540256462
3,-0.0036592019307912
1,-0.0646085421421501
4,0.473942629292887
1,2.60429728956888
2,1.67352255108072
6,0.27523234394626
3,0.43701900325827
1,-0.69315790869782
1,-0.820108410302099
2,0.626808083313505
4,-0.24346014083675
1,-0.94793628878627
5,-0.00717477189407698
2,4.40988521840234
5,0.535801849413412
1,-0.06980231789139
5,1.97604975512991
5,1.08806784408302
2,0.00922089916670299
4,0.057394393522149
6,-0.0442331593660801
6,0.94619538122955
1,-0.023044083707987
4,-0.036215721555708
4,-2.70066361495662
4,-0.035664483284636
1,0.10942216786727
1,-0.134556846422889
1,0.33953423462615
3,-4.84366172771122
1,-0.0414058219752702
1,0.0037363822939776
1,-0.00713049806988209
2,0.035126872252354
6,0.408850563212919
4,0.64854337400707
1,2.9905785647817
1,-0.58258592827199
3,0.80747541447849
6,-0.47675721499891
2,3.14434988468019
2,0.015522230383828
2,0.16058617392993
2,2.57883396938168
6,1.20523213543938
3,3.77080685125118
2,-0.23665871793415
3,-0.19304734671029
3,0.274504638898517
2,0.0443494418950199
3,1.08915075134001
2,-0.0129783866164592
4,0.71298642141795
3,14.1443788309097
1,-0.146216248975533
5,2.35077191297096
2,2.92371187563158
7,0.8375155229206
2,0.44716195341721
2,4.28374834504132
5,-0.0615909977107703
2,6.50865556800479
2,0.494727089342282
3,0.025779294543866
3,0.00977029817894604
3,-0.36371609469007
5,1.60370228428934
2,2.76554103861146
4,1.31767988612583
3,0.0363473742874699
3,1.05521015721042
2,2.60192717155119
2,-0.143357227215404
6,1.31259351818296
1,-0.5027672817068
6,2.17831042835275
4,-0.055323311216678
1,0.002941478081969
1,0.41931100780083
1,-1.3020442337198
1,2.30878125794922
2,-0.38606021044185
5,0.42924185860602
1,0.164379024989201
1,-0.0104793683690488
3,1.11608516590107
3,0.018590478831608
1,-4.26631455505815
5,2.21244805603592
5,0.0273948054590298
3,-3.84655412181389
1,1.25876399494388
2,0.283967947433732
6,0.15378924331936
7,0.10972819757408
2,2.0614786217673
1,-0.00167423532700153
2,0.772797845594699
2,-0.00152571306888599
2,1.52381836369322
1,-1.9084220626948
2,0.236669068513066
4,-0.098324013876306
5,-0.42630486586502
2,0.59414107926716
1,2.67561168846563
1,-0.158691471067334
1,-0.0151915177135802
1,21.2919778069963
4,-0.365560376921764
4,-0.05080471879417
7,0.23447151949918
4,3.19888131687079
4,-0.46656403928144
5,0.3268693965988
1,5.78936740331152
1,-0.24296266806075
2,-2.37152858119877
6,-0.12910002083586
1,2.06310003805977
1,-0.10651035758847
3,1.13647022388876
4,-0.14791384660306
2,-0.37607517423167
1,6.58178666252109
3,0.03735463363879
3,0.03595525332145
5,0.126990451273679
4,-0.499075924364557
2,1.83685340179651
6,1.56933424003136
3,0.025721691830952
2,-0.65303984083176
9,3.20584862815519
2,3.83641201531133
1,-0.0800104932821302
1,3.13663990079567
2,7.79076893549328
1,-0.022809759711825
1,0.173392372043541
6,0.111643119838627
3,0.116901740515598
1,0.002028598073335
3,2.99262772192409
5,-0.164571747213942
4,1.27837526237286
7,1.05997968649792
4,0.00329674551800402
4,1.63538876798181
2,0.00248973664401403
6,-0.10238645375358
4,0.67283876729852
1,1.36333198742529
2,0.18952447825874
1,0.350528754407799
3,-2.22774791866322
2,4.86030659662957
5,-0.28756449801403
2,-0.40164592754944
5,1.60985708254454
5,-0.288009473767395
1,-0.2908364671221
3,-0.30573771826332
3,0.0738511221713598
4,3.40978589933008
3,-0.0554343322472699
3,3.50168406240038
6,1.44690254993977
9,1.42352847029453
1,1.0612319283996
10,-0.19591009846839
11,0.0816554544997903
1,0.0029637786693201
1,0.45233782630616
3,2.0682381047819
4,1.35079848021604
2,0.362942967729057
5,1.05794096891032
4,1.59132080187372
1,-0.176135906401512
3,-0.0012852058966565
6,2.20247997795224
8,0.39849904834387
1,1.21874983441134
6,0.72858981518128
1,2.43390868709847
5,-0.00834979665996051
1,3.25386552104567
4,-0.41110311499237
2,1.62606399874125
1,-34.1433604820289
3,0.51897453619936
5,0.016506321963057
1,-0.28272554360267
2,0.019945817297286
2,0.31049513157266
4,2.53207698154443
1,-0.52797318002945
4,1.11354152950778
3,0.0192653619404504
1,3.04111172412757
4,0.0074463278989592
1,13.5300542531277
7,-0.00992121368604959
6,-0.34837610498757
2,1.19884671989466
1,-0.2534251111926
1,-0.72832488347359
1,-0.14879460598941
4,-0.00630176589640097
2,34.351763306969
1,-0.37127374183361
3,0.91727744432998
1,-0.0490260899866701
1,-0.26766203303553
1,0.0325217528381041
1,0.224015869323294
7,0.033866868471893
6,-1.33600389500337
6,1.54219269343334
7,-0.37902094992136
3,-0.43089542412914
1,-0.180965740848911
3,4.81908987291131
1,0.0598807740890797
4,-1.03216083231731
2,0.30770333281407
1,0.53445314238458
3,0.56222262377367
2,0.048694390046436
6,0.51341687195275
1,-0.23439419103761
1,-0.091320107516733
2,1.33406801206401
1,4.10044190391014
5,-0.00303134421853099
3,0.0507068361896232
5,-0.023159424847881
4,0.47702930760229
1,-0.917101100971401
4,1.8533659624684
1,-0.12036103021403
5,-0.38675605060823
4,0.086692856427277
3,0.001602866139143
1,-0.0489732370780298
2,-0.253104627639161
3,-0.93271917706715
1,0.1646492205026
6,-0.0568428868891631
1,0.441856697535287
2,9.09295242321157
7,1.34735410721821
6,0.459109090448022
1,-11.5804458259666
2,-0.079961821547979
5,0.06990756540839
4,-0.43107873156736
9,-0.0441755695847399
3,0.02832026912826
5,-0.034384860762058
3,-0.48468121835636
2,0.398487918512877
1,6.8850332138751
4,0.40120579142722
1,0.120750420717359
3,3.1981062746866
2,2.3790948055834
1,-0.00345979542836483
1,-1.34539347214478
1,0.0023997285232898
1,-0.17535251083105
1,0.119063743817961
3,1.66964757190829
4,2.61796683077449
1,-0.0106610023833122
1,26.0924467034152
1,1.25905231260646
3,0.109948486938316
1,-0.150392698031945
3,3.19908424948711
6,0.0975988372621499
1,-0.33404731914912
3,1.166994804244
3,0.482523169180987
4,2.15928612565455
2,0.13449834810568
5,-0.35537931920556
1,0.20007556459222
3,3.02000946495785
2,0.44543596968468
1,3.88240772891762
2,-0.25807134074549
2,0.10376727043958
3,0.07794133642769
3,1.54315177876953
2,-0.0390119775497236
6,-0.252638118105946
10,-0.49660854364383
10,0.0270087810824502
4,0.29031264143308
3,2.33095991703557
7,-0.0160520957752097
1,-1.99069881100516
4,0.0016372050064218
5,-0.0340732695513197
1,-0.53699676657115
2,0.270666044504257
2,4.69621772832591
4,0.36032232872838
4,0.420805642634517
2,2.77546581600163
1,-0.14055202273854
2,1.01807617003304
