crim,zn,indus,chas,nox,rm,age,dis,rad,tax,ptratio,black,lstat,medv
9.767350478611412e-05,0.9,0.027492668621700883,1.0,0.03292181069958851,0.8357922973749762,0.22554067971163752,0.4324309578153843,0.0,0.02099236641221374,0.10638297872340426,0.9965202481214384,0.03945916114790287,1.0
0.09285086143760113,0.0,0.6466275659824048,1.0,0.5823045267489713,0.4433799578463308,0.8928939237899073,0.0,1.0,0.9141221374045801,0.8085106382978723,0.8763931615310908,0.19729580573951436,1.0
0.004282685331260422,0.0,0.9233870967741935,0.0,0.40329218106995873,0.39317876987928735,0.9546858908341915,0.057070628995444184,0.043478260869565216,0.0019083969465648854,0.6914893617021278,0.9051641535125322,0.7044701986754967,0.23777777777777775
0.000878387157541406,0.0,0.1315982404692082,0.0,0.257201646090535,0.4403142364437632,0.6776519052523172,0.14297665705789817,0.17391304347826086,0.20801526717557253,0.4255319148936172,0.9907458772504918,0.21826710816777042,0.39111111111111113
0.0011174568292100652,0.0,1.0,0.0,0.46090534979423864,0.4640735773136616,0.9876416065911431,0.0671552892178705,0.13043478260869565,1.0,0.7978723404255321,0.9828786121337436,0.4508830022075055,0.1911111111111111
0.0010855359139520025,0.3,0.16385630498533724,0.0,0.088477366255144,0.5359264226863384,0.5149330587023687,0.5370513508352354,0.21739130434782608,0.21564885496183206,0.4255319148936172,0.9391043421251702,0.2618653421633554,0.3822222222222222
0.11148188577977174,0.0,0.6466275659824048,0.0,0.7304526748971193,0.5154244108066681,0.9649845520082388,0.09715465267484473,1.0,0.9141221374045801,0.8085106382978723,0.9788693327954007,0.40590507726269315,0.1688888888888889
0.001180174683836822,0.0,1.0,0.0,0.46090534979423864,0.4640735773136616,0.8300720906282183,0.0891433040220426,0.13043478260869565,1.0,0.7978723404255321,1.0,0.3206401766004415,0.3355555555555556
0.006111618898440685,0.2,0.12866568914956014,0.0,0.5390946502057613,0.6984096570224183,0.913491246138002,0.07279324173176077,0.17391304347826086,0.14694656488549618,0.042553191489361736,0.9772807504160573,0.1757726269315673,0.7
0.09155255688779168,0.0,0.6466275659824048,0.0,0.648148148148148,0.3504502778310021,0.9886714727085479,0.05442442870263438,1.0,0.9141221374045801,0.8085106382978723,1.0,0.5275938189845475,0.14444444444444443
0.0013966524401291761,0.0,0.35007331378299117,0.0,0.3333333333333334,0.44280513508334934,0.7229660144181256,0.12257090634633397,0.21739130434782608,0.4675572519083969,0.5531914893617023,0.8530687377073983,0.3763796909492273,0.3422222222222222
0.001362820765859187,0.3,0.16385630498533724,0.0,0.088477366255144,0.5426326882544549,0.050463439752832136,0.5370513508352354,0.21739130434782608,0.21564885496183206,0.4255319148936172,0.9440465984164608,0.09547461368653422,0.41555555555555557
0.0004975841262233916,0.0,0.14772727272727276,0.0,0.13168724279835392,0.5418662579038132,0.4644696189495366,0.3318935336322054,0.08695652173913043,0.11450381679389313,0.6276595744680851,1.0,0.21771523178807942,0.42
0.0020794677929204804,0.22,0.19794721407624635,0.0,0.09465020576131684,0.39164590917800357,0.6930998970133883,0.6206567305331503,0.2608695652173913,0.2729007633587786,0.6914893617021278,0.9804074839880983,0.461644591611479,0.3
0.001607285521796815,0.25,0.1711876832844575,0.0,0.13991769547325103,0.4177045410998275,0.6519052523171989,0.5543198537769735,0.30434782608695654,0.1851145038167939,0.7553191489361701,0.995486408795199,0.315121412803532,0.3044444444444444
0.00207272393758427,0.22,0.19794721407624635,0.0,0.09465020576131684,0.6049051542441082,0.15036045314109167,0.6089807127463195,0.2608695652173913,0.2729007633587786,0.6914893617021278,0.9920318725099603,0.13327814569536423,0.4711111111111111
0.001853211446390621,0.0,0.2969208211143695,0.0,0.2777777777777778,0.43590726192757245,0.9165808444902164,0.09833680400840236,0.17391304347826086,0.37595419847328243,0.8829787234042552,0.9968984820212821,0.4671633554083885,0.32222222222222224
0.0036431430502098013,0.0,0.21041055718475077,0.0,0.25102880658436216,0.48380915884269027,0.6035015447991762,0.22936463912557176,0.30434782608695654,0.22900763358778625,0.5106382978723403,0.9491905794543346,0.25248344370860926,0.4222222222222222
0.0005447911135768644,0.33,0.06304985337243403,0.0,0.17901234567901228,0.58536118030274,0.5684860968074151,0.2037301421309642,0.2608695652173913,0.06679389312977099,0.6170212765957446,0.9910736799636897,0.19867549668874168,0.52
0.17819491270528856,0.0,0.6466275659824048,0.0,0.6049382716049384,0.4474037171872007,0.9526261585993822,0.07092908001345834,1.0,0.9141221374045801,0.8085106382978723,0.018558676685662412,0.6252759381898454,0.07333333333333335
9.070485427203005e-05,0.6,0.09054252199413491,0.0,0.03292181069958851,0.5830618892508145,0.16374871266735325,0.46285771444679863,0.0,0.14885496183206107,0.3191489361702127,0.94906450148772,0.07312362030905077,0.5355555555555556
0.0012170410930081054,0.2,0.23826979472140764,0.0,0.16255144032921814,0.5704157884652233,0.5746652935118436,0.253516900217334,0.08695652173913043,0.06870229007633588,0.6382978723404257,0.9951081748953553,0.16556291390728475,0.43111111111111106
0.0005635615109293167,0.0,0.4534457478005865,0.0,0.10699588477366254,0.5117838666411191,0.5231719876416067,0.35323591193881915,0.17391304347826086,0.4026717557251908,0.648936170212766,0.9735236270109435,0.29277041942604853,0.36
0.1783533933056895,0.0,0.6466275659824048,0.0,0.5884773662551441,0.5717570415788465,0.9907312049433573,0.035428166119542796,1.0,0.9141221374045801,0.8085106382978723,1.0,0.5339403973509933,0.13111111111111112
0.002085424865134133,0.0,0.2536656891495601,0.0,0.2222222222222222,0.5499137765855528,0.121524201853759,0.3897734816175467,0.17391304347826086,0.19083969465648856,0.74468085106383,0.9918805789500228,0.092439293598234,0.4355555555555556
0.024085229742919736,0.0,0.7008797653958944,0.0,1.0,0.41157309829469246,0.984552008238929,0.044885376788003896,0.17391304347826086,0.4122137404580153,0.2234042553191489,0.6597155681073176,0.38796909492273723,0.31999999999999995
0.002046085709006239,0.0,0.2364369501466276,0.0,0.12962962962962962,0.42632688254454876,0.31307929969104015,0.3610835780992825,0.08695652173913043,0.08778625954198473,0.5638297872340424,1.0,0.34271523178807944,0.3333333333333333
0.0057801584086659445,0.0,0.21041055718475077,1.0,0.25102880658436216,0.5882352941176472,0.7579814624098867,0.27447735270849055,0.30434782608695654,0.22900763358778625,0.5106382978723403,0.9786928236421403,0.21550772626931564,0.4466666666666667
0.00836170623136729,0.0,0.28152492668621704,0.0,0.3148148148148149,0.45276872964169396,0.9392378990731204,0.2973565277487292,0.13043478260869565,0.22900763358778625,0.8936170212765957,0.993519592516012,0.4020419426048565,0.23555555555555555
0.0014622926320682912,0.0,0.3713343108504399,0.0,0.21399176954732507,0.44644567924889833,0.19979402677651908,0.2560539788485846,0.13043478260869565,0.1717557251908397,0.6382978723404257,1.0,0.25220750551876375,0.39111111111111113
0.10089526927539971,0.0,0.6466275659824048,1.0,0.7921810699588477,0.5079517148879096,0.9732234809474769,0.09026180105302403,1.0,0.9141221374045801,0.8085106382978723,0.9516617075999799,0.4379139072847682,0.28444444444444444
0.00032775136933982596,0.8,0.11656891495601175,0.0,0.014403292181069971,0.4435715654339913,0.1668383110195675,0.7357255226472915,0.0,0.24427480916030533,0.40425531914893603,0.9956629179484594,0.2075055187637969,0.3533333333333333
0.04880831580305605,0.0,0.6466275659824048,0.0,0.40123456790123446,0.4993293734431884,0.835221421215242,0.17312151606361792,1.0,0.9141221374045801,0.8085106382978723,1.0,0.401766004415011,0.3311111111111111
0.0025059042453468524,0.0,0.2364369501466276,0.0,0.12962962962962962,0.4730791339337039,0.850669412976313,0.41464412698124015,0.08695652173913043,0.08778625954198473,0.5638297872340424,0.9895103131776691,0.47102649006622516,0.25777777777777783
0.00044486965701201356,0.525,0.17815249266862174,0.0,0.04115226337448563,0.5276872964169382,0.4397528321318229,0.5626676608862498,0.21739130434782608,0.20229007633587787,0.4255319148936172,1.0,0.16197571743929357,0.3844444444444445
0.003953809986031228,0.0,0.21041055718475077,1.0,0.25102880658436216,0.6495497221689979,0.8815653964984552,0.1575080249888605,0.30434782608695654,0.22900763358778625,0.5106382978723403,0.9868878914720863,0.22019867549668873,0.4822222222222222
0.11494541748286048,0.0,0.6466275659824048,0.0,0.47119341563786005,0.5027783100210769,0.9660144181256437,0.09465394793078051,1.0,0.9141221374045801,0.8085106382978723,0.9566291794845933,0.44977924944812364,0.21333333333333332
0.0024255399692570115,0.0,0.35007331378299117,0.0,0.3333333333333334,0.484958804368653,0.9526261585993822,0.12898180396293502,0.21739130434782608,0.4675572519083969,0.5531914893617023,1.0,0.42384105960264895,0.3044444444444444
0.00014825241980769222,0.175,0.03372434017595308,0.0,0.06399176954732513,0.6788656830810501,0.5829042224510814,0.735961952914003,0.08695652173913043,0.05534351145038168,0.6382978723404257,0.9907710928438147,0.17439293598233996,0.6222222222222222
0.0036360620021067803,0.0,0.7855571847507332,0.0,0.49176954732510286,0.4332247557003258,0.9526261585993822,0.12187980248979258,0.13043478260869565,0.4770992366412214,0.9148936170212765,0.9792979978818902,0.36699779249448117,0.29777777777777775
0.05468243859607319,0.0,0.6466275659824048,0.0,0.47119341563786005,0.5600689787315578,0.9340885684860968,0.10691194791259355,1.0,0.9141221374045801,0.8085106382978723,0.9982601240607192,0.46771523178807944,0.26
0.0005488374267785907,0.33,0.06304985337243403,0.0,0.17901234567901228,0.7041578846522323,0.3934088568486097,0.2630195782447781,0.2608695652173913,0.06679389312977099,0.6170212765957446,0.9918805789500228,0.14348785871964678,0.6911111111111111
0.07342305058745724,0.0,0.6466275659824048,1.0,0.5061728395061729,0.6620042153669287,0.9742533470648815,0.006620047467922776,1.0,0.9141221374045801,0.8085106382978723,0.9877704372383883,0.03394039735099338,1.0
0.0008491637844178276,0.0,0.08907624633431087,0.0,0.12345679012345678,0.8160567158459476,0.35015447991761073,0.2151151688203039,0.043478260869565216,0.16984732824427481,0.574468085106383,0.991502345050179,0.050772626931567325,0.8622222222222221
0.007099481307606573,0.0,0.28152492668621704,0.0,0.3148148148148149,0.48572523471929496,0.8403707518022657,0.30302176067800923,0.13043478260869565,0.22900763358778625,0.8936170212765957,0.9574360784709264,0.23537527593818983,0.29333333333333333
0.0007031593163888721,0.0,0.07331378299120235,0.0,0.2119341563786008,0.4949223989269976,0.6107106076210094,0.13351944638943702,0.08695652173913043,0.011450381679389313,0.5531914893617023,1.0,0.21302428256070635,0.6933333333333334
0.0001018322155767772,0.9,0.12060117302052788,0.0,0.018518518518518535,0.745928338762215,0.3223480947476829,0.4734516090898344,0.08695652173913043,0.10877862595419847,0.3510638297872341,0.973372333451006,0.03807947019867549,0.8666666666666667
0.00032651499586152077,0.34,0.20637829912023462,0.0,0.09876543209876541,0.5803793830235677,0.38619979402677657,0.39666633323936745,0.2608695652173913,0.27099236641221375,0.37234042553191504,0.9971002067678653,0.21440397350993376,0.37777777777777777
0.0010898070223316024,0.25,0.1711876832844575,0.0,0.13991769547325103,0.4533435524046752,0.45623069001029876,0.5276396075257573,0.30434782608695654,0.1851145038167939,0.7553191489361701,1.0,0.2066777041942605,0.3244444444444445
0.0003311232970079312,0.2,0.10520527859237538,0.0,0.11913580246913583,0.8160567158459476,0.6343975283213182,0.3241913630204876,0.17391304347826086,0.05534351145038168,0.24468085106382986,0.9758182460033286,0.05601545253863134,0.8977777777777778
0.05113584507476013,0.0,0.6466275659824048,0.0,0.6851851851851851,0.0,0.8753861997940269,0.04397602960834417,1.0,0.9141221374045801,0.8085106382978723,0.893590196177316,0.14873068432671083,0.5
0.0009741499033155939,0.0,0.9233870967741935,0.0,0.40329218106995873,0.45985821038513136,0.9268795056642637,0.08705180550882521,0.043478260869565216,0.0019083969465648854,0.6914893617021278,0.9525694689596046,0.4470198675496688,0.34444444444444444
0.0016245947504930883,0.0,1.0,0.0,0.46090534979423864,0.3627131634412723,0.9248197734294542,0.0628631705298766,0.13043478260869565,1.0,0.7978723404255321,0.9954359776085531,0.45060706401766,0.22666666666666666
0.013681708910925808,0.0,0.7008797653958944,0.0,0.4526748971193415,0.6480168614677141,0.9732234809474769,0.06799188862315744,0.17391304347826086,0.4122137404580153,0.2234042553191489,0.9156034091482174,0.07891832229580573,0.8066666666666666
0.0018401733260739476,0.125,0.27162756598240473,0.0,0.2860082304526749,0.4680973366545315,0.8547888774459321,0.4967308968891233,0.17391304347826086,0.2366412213740458,0.276595744680851,0.9743053104039539,0.4241169977924945,0.3088888888888889
0.008617185951020727,0.0,0.28152492668621704,0.0,0.3148148148148149,0.5621766621958231,0.9423274974253347,0.3023670307086542,0.13043478260869565,0.22900763358778625,0.8936170212765957,0.9774068283826719,0.3054635761589404,0.29777777777777775
0.0005002816683578758,0.0,0.1733870967741936,0.0,0.2674897119341564,0.5278789040045986,0.3625128733264676,0.48457292509707284,0.17391304347826086,0.07061068702290077,0.8085106382978723,0.9818699884008271,0.10899558498896246,0.3822222222222222
0.009376431664289081,0.0,0.28152492668621704,0.0,0.3148148148148149,0.3904962636520407,0.8527291452111225,0.30235793723685767,0.13043478260869565,0.22900763358778625,0.8936170212765957,0.7642846336174292,0.4078366445916115,0.19777777777777777
0.013500074407203874,0.0,0.7008797653958944,0.0,0.4526748971193415,0.4433799578463308,0.9443872296601441,0.1178786748992898,0.17391304347826086,0.4122137404580153,0.2234042553191489,0.7362196782490293,0.3504415011037527,0.2755555555555555
0.0008225255558397964,0.6,0.045087976539589444,0.0,0.05349794238683121,0.5782716995593026,0.33985581874356335,0.8712182524165901,0.13043478260869565,0.42748091603053434,0.6063829787234043,0.9341368702405567,0.10375275938189846,0.42444444444444446
0.0005786227878468533,0.0,0.07331378299120235,0.0,0.2119341563786008,0.6551063422111517,0.5715756951596292,0.15453445971137322,0.08695652173913043,0.011450381679389313,0.5531914893617023,1.0,0.09133554083885209,0.7155555555555556
0.015022162556586565,0.0,0.7008797653958944,0.0,0.4526748971193415,0.47997700708948077,1.0,0.05707972246724078,0.17391304347826086,0.4122137404580153,0.2234042553191489,0.8915477331181603,0.12969094922737304,0.42888888888888893
0.1749960773241461,0.0,0.6466275659824048,0.0,0.40123456790123446,0.4531519448170148,0.7013388259526261,0.16175467631787138,1.0,0.9141221374045801,0.8085106382978723,0.928992889202683,0.4525386313465783,0.31333333333333335
0.000563336715751443,0.4,0.218108504398827,1.0,0.12757201646090535,0.612569457750527,0.30895983522142123,0.26807554856368615,0.13043478260869565,0.12786259541984732,0.5319148936170215,1.0,0.04966887417218542,0.6088888888888888
0.002500171968311073,0.0,0.2969208211143695,0.0,0.2777777777777778,0.5449319793063806,0.8496395468589084,0.1441406214478626,0.17391304347826086,0.37595419847328243,0.8829787234042552,0.17771950173987597,0.2455849889624724,0.3022222222222223
0.12536916988086302,0.0,0.6466275659824048,0.0,0.7304526748971193,0.5878520789423262,0.9443872296601441,0.09048913784793895,1.0,0.9141221374045801,0.8085106382978723,0.27618639366584297,0.5943708609271523,0.18666666666666668
0.0706053554303996,0.0,0.6466275659824048,0.0,0.7304526748971193,0.5326690936961105,0.9629248197734295,0.08569687821113224,1.0,0.9141221374045801,0.8085106382978723,0.801074184275556,0.44315673289183216,0.22
0.0540161456888556,0.0,0.6466275659824048,0.0,0.6748971193415637,0.60164782525388,0.8970133882595263,0.13348307250225064,1.0,0.9141221374045801,0.8085106382978723,0.6427706893943215,0.4053532008830022,0.2533333333333333
0.10547738178358787,0.0,0.6466275659824048,0.0,0.7304526748971193,0.3958612761065338,0.9371781668383111,0.0625267120734025,1.0,0.9141221374045801,0.8085106382978723,1.0,0.5836092715231788,0.17333333333333334
0.0014928647762591117,0.0,0.1315982404692082,0.0,0.257201646090535,0.38532285878520794,0.8815653964984552,0.13335576389709827,0.17391304347826086,0.20801526717557253,0.4255319148936172,1.0,0.35761589403973504,0.40222222222222226
0.09790313306031208,0.0,0.6466275659824048,0.0,0.6337448559670781,0.5575780800919717,0.9876416065911431,0.054206185379516054,1.0,0.9141221374045801,0.8085106382978723,0.9875939280851279,0.4246688741721854,0.18
0.09875027368812905,0.0,0.6466275659824048,0.0,0.4094650205761316,0.38398160567158474,0.6972193614830071,0.08492393310842146,1.0,0.9141221374045801,0.8085106382978723,0.008396792576529326,0.4257726269315673,0.14888888888888888
0.07818185210545411,0.0,0.6466275659824048,0.0,0.648148148148148,0.4123395286453344,0.9691040164778578,0.07246587674708328,1.0,0.9141221374045801,0.8085106382978723,0.9937717484492411,0.4243929359823399,0.22444444444444445
0.0001599417690571236,0.85,0.010263929618768328,0.0,0.05144032921810693,0.5407166123778502,0.3377960865087539,0.7327519573698041,0.043478260869565216,0.24045801526717558,0.5000000000000001,1.0,0.11147902869757172,0.43777777777777777
0.000264471526768385,0.0,0.06304985337243403,0.0,0.15020576131687244,0.5497221689978923,0.5746652935118436,0.4485445898389546,0.08695652173913043,0.06679389312977099,0.648936170212766,0.9929900650562309,0.09602649006622516,0.5266666666666666
0.0006755095095104097,0.0,0.1315982404692082,0.0,0.257201646090535,0.6321134316918952,0.7363542739443872,0.1623821258718366,0.17391304347826086,0.20801526717557253,0.4255319148936172,0.9858036209592012,0.1432119205298013,0.5533333333333333
0.0414386306916453,0.0,0.6466275659824048,0.0,0.6748971193415637,0.539375359264227,0.8805355303810505,0.13071865707608507,1.0,0.9141221374045801,0.8085106382978723,0.9862070704523678,0.3565121412803532,0.2822222222222222
0.008951231585341017,0.0,0.28152492668621704,0.0,0.3148148148148149,0.36309637861659333,0.34706488156539655,0.24251379934345133,0.13043478260869565,0.22900763358778625,0.8936170212765957,0.7278985324524687,0.2748344370860927,0.3377777777777778
0.08706216081217599,0.0,0.6466275659824048,0.0,0.6748971193415637,0.5250047901896916,0.8321318228630278,0.1503605561567351,1.0,0.9141221374045801,0.8085106382978723,0.6855867668566241,0.4001103752759382,0.22
0.01674724075158919,0.0,0.7008797653958944,0.0,1.0,0.3531327840582487,1.0,0.04201183970027916,0.17391304347826086,0.4122137404580153,0.2234042553191489,0.8605577689243029,0.3187086092715231,0.3244444444444445
0.00045341187377121334,0.8,0.03885630498533725,0.0,0.039094650205761354,0.6794405058440316,0.34706488156539655,0.5619219961989288,0.043478260869565216,0.27099236641221375,0.0,0.8926067880377225,0.1898454746136865,0.5622222222222223
0.001776668688324633,0.22,0.19794721407624635,0.0,0.09465020576131684,0.5502969917608738,0.4757981462409887,0.6089807127463195,0.2608695652173913,0.2729007633587786,0.6914893617021278,0.9440465984164608,0.21495584988962468,0.43333333333333335
0.0007722838335850289,0.33,0.06304985337243403,0.0,0.17901234567901228,0.7394136807817591,0.7106076210092689,0.17910502050577892,0.2608695652173913,0.06679389312977099,0.6170212765957446,1.0,0.13079470198675497,0.6311111111111111
0.0008529853024416802,0.22,0.19794721407624635,0.0,0.09465020576131684,0.6506993676949607,0.04016477857878476,0.7072083950931627,0.2608695652173913,0.2729007633587786,0.6914893617021278,0.9727419436179333,0.04966887417218542,0.5466666666666667
0.0005586160170160957,0.0,0.07331378299120235,0.0,0.2119341563786008,0.8181643993102129,0.5221421215242019,0.18819849230237612,0.08695652173913043,0.011450381679389313,0.5531914893617023,0.9892329416511171,0.07505518763796909,1.0
0.18888954329262894,0.0,0.6466275659824048,0.0,0.648148148148148,0.3287986204253689,0.9804325437693099,0.026962143876910764,1.0,0.9141221374045801,0.8085106382978723,1.0,0.8024282560706401,0.04888888888888889
0.00029279571918046875,0.0,0.06304985337243403,0.0,0.15020576131687244,0.6585552787890402,0.44181256436663235,0.4485445898389546,0.08695652173913043,0.06679389312977099,0.648936170212766,0.9942760603156993,0.033388520971302425,0.6311111111111111
0.0014561107646767647,0.0,0.3713343108504399,1.0,0.21399176954732507,0.47959379191415985,0.5787847579814624,0.28277059898698725,0.13043478260869565,0.1717557251908397,0.6382978723404257,0.9607141056029048,0.35678807947019864,0.43111111111111106
0.005964715249700236,0.0,0.21041055718475077,0.0,0.2448559670781893,0.4636903621383407,0.6714727085478887,0.23114695959770482,0.30434782608695654,0.22900763358778625,0.5106382978723403,0.9532250743860005,0.2737306843267108,0.42888888888888893
0.13269636870365567,0.0,0.6466275659824048,0.0,0.6851851851851851,0.6252155585361181,0.7579814624098867,0.06041702661659196,1.0,0.9141221374045801,0.8085106382978723,0.12136265066317012,0.579746136865342,0.07555555555555557
0.0028417482410901308,0.0,0.7855571847507332,0.0,0.49176954732510286,0.4085073768921249,0.9588053553038105,0.05989869872418591,0.13043478260869565,0.4770992366412214,0.9148936170212765,0.9879217307983258,0.42660044150110377,0.24888888888888888
0.00017365427490741812,0.825,0.05755131964809384,0.0,0.061728395061728336,0.7758191224372487,0.13182286302780638,0.4674408242322836,0.043478260869565216,0.30725190839694655,0.2234042553191489,0.9961672298149176,0.03807947019867549,0.8288888888888888
0.0827335048670404,0.0,0.6466275659824048,0.0,0.6049382716049384,0.5043111707223606,0.7744593202883624,0.07329338268057362,1.0,0.9141221374045801,0.8085106382978723,0.24310353522618391,0.5460816777041942,0.13333333333333333
0.0005327645715606225,0.0,0.4934017595307918,0.0,0.10699588477366254,0.5725234719294886,0.4953656024716787,0.43928743555001865,0.13043478260869565,0.1946564885496183,0.3617021276595745,0.9897876847042212,0.15618101545253862,0.49111111111111116
0.002456674101392516,0.125,0.27162756598240473,0.0,0.2860082304526749,0.5395669668518873,0.94129763130793,0.47441551710027374,0.17391304347826086,0.2366412213740458,0.276595744680851,0.988955570124565,0.5165562913907285,0.2222222222222222
0.010900880163039446,0.0,0.7855571847507332,0.0,0.49176954732510286,0.4207702625023951,0.9835221421215242,0.11061299093380864,0.13043478260869565,0.4770992366412214,0.9148936170212765,0.6617580311664734,0.42991169977924937,0.23555555555555555
0.001452401644241849,0.125,0.20564516129032262,0.0,0.049382716049382644,0.38953822571373836,0.349124613800206,0.4881739399285253,0.13043478260869565,0.3015267175572519,0.6702127659574467,1.0,0.31346578366445915,0.2755555555555555
0.1300617692189761,0.0,0.6466275659824048,0.0,0.648148148148148,0.2826211917991952,0.9691040164778578,0.05823459338540862,1.0,0.9141221374045801,0.8085106382978723,1.0,0.6608719646799116,0.10444444444444442
0.0009076105306649844,0.0,0.4534457478005865,0.0,0.10699588477366254,0.49415596857635563,0.44181256436663235,0.2692486064254471,0.17391304347826086,0.4026717557251908,0.648936170212766,0.9749357002370266,0.23565121412803527,0.35111111111111115
0.0791739856229996,0.0,0.6466275659824048,0.0,0.47119341563786005,0.4870664878329182,0.8465499485066941,0.08113195536924041,1.0,0.9141221374045801,0.8085106382978723,0.0055474305310403964,0.5949227373068432,0.18666666666666668
0.0026851783997011124,0.0,0.3460410557184751,0.0,0.32716049382716056,0.4255604521939069,0.7085478887744593,0.263901645009048,0.13043478260869565,0.22328244274809161,0.6170212765957446,1.0,0.3921081677704194,0.3288888888888889
0.0011270106242696966,0.8,0.0531524926686217,0.0,0.057613168724279774,0.4550680206936195,0.17095777548918642,0.8598877865580299,0.13043478260869565,0.28053435114503816,1.0,0.947400272328408,0.10596026490066225,0.3466666666666667
0.04305412123743451,0.0,0.6466275659824048,0.0,0.7921810699588477,0.5154244108066681,0.9083419155509783,0.10602078767652703,1.0,0.9141221374045801,0.8085106382978723,0.8833778808815371,0.34381898454746135,0.3311111111111111
0.00043048276562809796,0.25,0.16129032258064518,0.0,0.08436213991769544,0.5859360030657215,0.6951596292481977,0.38839127390446393,0.13043478260869565,0.17938931297709923,0.6808510638297872,0.9967976196479904,0.15149006622516556,0.42
0.0009262685304285,0.21,0.18988269794721407,0.0,0.1111111111111111,0.4602414255604523,0.44078269824922767,0.5169729651083488,0.13043478260869565,0.10687022900763359,0.44680851063829796,0.99662111049473,0.3233995584988962,0.32666666666666666
0.002892102360933835,0.0,0.2969208211143695,0.0,0.2777777777777778,0.5112090438781377,0.9093717816683832,0.1287180932808337,0.17391304347826086,0.37595419847328243,0.8829787234042552,0.9857027585859096,0.3813465783664459,0.31999999999999995
0.0400400674925042,0.0,0.6466275659824048,0.0,0.40123456790123446,0.5510634221115157,0.7425334706488156,0.16067255317407633,1.0,0.9141221374045801,0.8085106382978723,0.9910988955570125,0.3485099337748344,0.40444444444444444
0.02667217264989005,0.0,0.7008797653958944,0.0,1.0,0.49223989269975094,1.0,0.02632560085114897,0.17391304347826086,0.4122137404580153,0.2234042553191489,0.43519592516011907,0.7193708609271523,0.19555555555555557
0.013337322698423328,0.0,0.7855571847507332,0.0,0.49176954732510286,0.5297949798812033,0.976313079299691,0.1037928870863607,0.13043478260869565,0.4770992366412214,0.9148936170212765,1.0,0.2905629139072847,0.3244444444444445
0.0008627638926791852,0.0,0.07331378299120235,0.0,0.2119341563786008,0.39145430159034306,0.8949536560247168,0.16898398639616619,0.08695652173913043,0.011450381679389313,0.5531914893617023,0.9851227999394826,0.3380242825607064,0.4755555555555555
0.026663518035541914,0.0,0.6466275659824048,0.0,0.40740740740740733,0.442613527495689,0.4016477857878476,0.23592103229091838,1.0,0.9141221374045801,0.8085106382978723,0.9340107922739423,0.32036423841059597,0.3466666666666667
0.09709398281755577,0.0,0.6466275659824048,0.0,0.6337448559670781,0.5043111707223606,0.9237899073120494,0.060162409406287226,1.0,0.9141221374045801,0.8085106382978723,1.0,0.37086092715231783,0.19555555555555557
0.08976251288638357,0.0,0.6466275659824048,0.0,0.648148148148148,0.37535926422686333,1.0,0.03669215869926979,1.0,0.9141221374045801,0.8085106382978723,1.0,0.6299668874172185,0.16222222222222224
0.4232396402018301,0.0,0.6466275659824048,0.0,0.6049382716049384,0.5060356390113049,0.780638516992791,0.06668242868444745,1.0,0.9141221374045801,0.8085106382978723,0.046648847647385146,0.352924944812362,0.13111111111111112
3.0796939368694214e-05,0.9,0.09200879765395896,0.0,0.030864197530864227,0.6757999616784826,0.18434603501544802,0.5617674071783866,0.0,0.18702290076335878,0.28723404255319157,0.9945030006556056,0.16887417218543044,0.6044444444444446
0.211360069272882,0.0,0.6466275659824048,0.0,0.4362139917695473,0.204445296033723,1.0,0.03858360083296203,1.0,0.9141221374045801,0.8085106382978723,0.0717887941903273,0.9006622516556291,0.2866666666666666
0.0005540077158696853,0.7,0.0652492668621701,0.0,0.030864197530864227,0.6667944050584405,0.07312049433573635,0.6090989278796751,0.17391304347826086,0.32633587786259544,0.23404255319148948,0.9361541177063897,0.08305739514348787,0.5333333333333333
0.0038561364812451132,0.0,0.3460410557184751,0.0,0.32716049382716056,0.46196589384939657,0.7600411946446962,0.17940510507506663,0.13043478260869565,0.22328244274809161,0.6170212765957446,0.9983357708406879,0.22737306843267108,0.34
0.0044475725942307665,0.0,0.3460410557184751,0.0,0.32716049382716056,0.5405250047901897,0.6622039134912462,0.21850703380043468,0.13043478260869565,0.22328244274809161,0.6170212765957446,0.995738564728428,0.23813465783664456,0.40222222222222226
0.0016191996662241201,0.0,0.9233870967741935,0.0,0.40329218106995873,0.4397394136807818,0.9691040164778578,0.07409360819867417,0.043478260869565216,0.0019083969465648854,0.6914893617021278,0.93295173735438,0.6534216335540839,0.2733333333333334
0.0004618416929414764,0.0,0.42045454545454547,0.0,0.3868312757201645,0.4730791339337039,0.8022657054582903,0.1250716110903982,0.0,0.16412213740458015,0.8936170212765957,1.0,0.1697019867549669,0.15333333333333335
0.01515569089224353,0.0,0.28152492668621704,0.0,0.3148148148148149,0.48112665261544363,1.0,0.2769325900935718,0.13043478260869565,0.22900763358778625,0.8936170212765957,0.9491401482676889,0.31208609271523174,0.2111111111111111
0.005469941063200264,0.0,0.3460410557184751,0.0,0.32716049382716056,0.589001724468289,0.819773429454171,0.19895606943775063,0.13043478260869565,0.22328244274809161,0.6170212765957446,1.0,0.07753863134657836,0.39555555555555555
0.05942157053600612,0.0,0.6466275659824048,0.0,0.648148148148148,0.4771028932745738,0.819773429454171,0.09440842419227238,1.0,0.9141221374045801,0.8085106382978723,0.9533007211659691,0.46992273730684325,0.40444444444444444
0.0004254248741259401,0.7,0.0652492668621701,0.0,0.030864197530864227,0.6342211151561603,0.4582904222451082,0.6090989278796751,0.17391304347826086,0.32633587786259544,0.23404255319148948,0.9847697816329619,0.11975717439293597,0.44
0.06592939093544917,0.0,0.6466275659824048,0.0,0.6337448559670781,0.5449319793063806,0.9588053553038105,0.04975947767098002,1.0,0.9141221374045801,0.8085106382978723,1.0,0.4867549668874172,0.16666666666666666
0.07178609210218109,0.0,0.6466275659824048,0.0,0.4094650205761316,0.49837133550488605,0.9732234809474769,0.09788213041857251,1.0,0.9141221374045801,0.8085106382978723,0.762620404458117,0.6172737306843267,0.18444444444444447
0.0006215586668207263,0.0,0.14406158357771262,0.0,0.11728395061728394,0.44778693236252154,0.5087538619979403,0.6259945984777529,0.08695652173913043,0.3148854961832061,0.6595744680851064,0.9185788491603208,0.3018763796909492,0.2711111111111111
0.0006694400397078201,0.0,0.07331378299120235,0.0,0.2119341563786008,0.8055182985246216,0.8280123583934088,0.14653220453036767,0.08695652173913043,0.011450381679389313,0.5531914893617023,0.99662111049473,0.1608719646799117,0.7733333333333333
0.008743183648218925,0.0,0.28152492668621704,0.0,0.3148148148148149,0.46541483042728504,0.811534500514933,0.2844710782129509,0.13043478260869565,0.22900763358778625,0.8936170212765957,0.9744061727772455,0.35706401766004414,0.2777777777777778
0.0003065082250307632,0.75,0.09127565982404694,0.0,0.088477366255144,0.6635370760682124,0.13285272914521112,0.38842764779165034,0.08695652173913043,0.12404580152671756,0.6063829787234043,0.9967724040546675,0.006898454746136865,0.6644444444444444
0.05498377653201286,0.0,0.6466275659824048,0.0,0.5061728395061729,0.2699750910136041,1.0,0.018450654275295773,1.0,0.9141221374045801,0.8085106382978723,0.9460890614756166,0.04221854304635761,1.0
0.06361759732619623,0.0,0.6466275659824048,0.0,0.7304526748971193,0.509292968001533,1.0,0.07958606516381889,1.0,0.9141221374045801,0.8085106382978723,0.9969489132079279,0.41004415011037526,0.29777777777777775
0.050979050438193244,0.0,0.6466275659824048,0.0,0.7921810699588477,0.5435907261927573,0.8764160659114315,0.12627194936754907,1.0,0.9141221374045801,0.8085106382978723,0.9436683645166172,0.1672185430463576,0.4444444444444444
0.00041193716345351935,0.525,0.17815249266862174,0.0,0.04115226337448563,0.575589193332056,0.2059732234809475,0.5626676608862498,0.21739130434782608,0.20229007633587787,0.4255319148936172,0.9365071360129105,0.2146799116997792,0.44
0.0031834369114581247,0.0,0.3713343108504399,0.0,0.21399176954732507,0.3546656447595325,0.07106076210092689,0.22350844328856315,0.13043478260869565,0.1717557251908397,0.6382978723404257,0.8790407988299965,0.7676600441501104,0.41555555555555557
0.00021479179245830163,0.55,0.1217008797653959,0.0,0.20370370370370366,0.6006897873155778,0.5509783728115345,0.4185270394383872,0.17391304347826086,0.34923664122137404,0.5319148936170215,1.0,0.15038631346578363,0.42
0.005775212914752723,0.2,0.12866568914956014,0.0,0.5390946502057613,0.9268059015137,0.9124613800205973,0.10538424465076522,0.17391304347826086,0.14694656488549618,0.042553191489361736,0.9746835443037976,0.11534216335540838,0.9733333333333333
0.002422842427122527,0.2,0.23826979472140764,1.0,0.16255144032921814,0.7913393370377467,0.5036045314109165,0.29434658858405555,0.08695652173913043,0.06870229007633588,0.6382978723404257,0.9845428412930556,0.13383002207505518,0.6711111111111112
0.0009830293128416042,0.125,0.27162756598240473,0.0,0.2860082304526749,0.4460624640735774,0.3717816683831102,0.3929561967463558,0.17391304347826086,0.2366412213740458,0.276595744680851,0.9838620202733371,0.3857615894039735,0.3711111111111111
0.001173093635733801,0.0,0.49230205278592376,1.0,0.33950617283950624,0.45794213450852655,0.9361483007209063,0.16001782320472133,0.17391304347826086,0.16984732824427481,0.40425531914893603,1.0,0.44674392935982343,0.36666666666666664
0.004564016496369333,0.0,0.21041055718475077,0.0,0.2448559670781893,0.6901705307530179,0.7929969104016479,0.18969891514881468,0.30434782608695654,0.22900763358778625,0.5106382978723403,0.9374148973725351,0.12775938189845476,0.5911111111111111
0.001121727937589665,0.3,0.16385630498533724,0.0,0.088477366255144,0.48553362713163445,0.6405767250257467,0.4734516090898344,0.21739130434782608,0.21564885496183206,0.4255319148936172,0.9942508447223763,0.2944260485651214,0.3355555555555556
0.22033052084593124,0.0,0.6466275659824048,0.0,0.5884773662551441,0.7189116689020886,0.9783728115345006,0.016977511844247024,1.0,0.9141221374045801,0.8085106382978723,1.0,0.32312362030905073,0.2222222222222222
0.0029567309745725185,0.0,0.3460410557184751,0.0,0.32716049382716056,0.5182985246215751,0.8228630278063851,0.19398194036501196,0.13043478260869565,0.22328244274809161,0.6170212765957446,0.9911493267436583,0.17025386313465782,0.36888888888888893
0.10478568702127057,0.0,0.6466275659824048,0.0,0.6748971193415637,0.5027783100210769,0.9866117404737385,0.10293810073748057,1.0,0.9141221374045801,0.8085106382978723,1.0,0.4525386313465783,0.20222222222222222
0.0018769273376562944,0.0,0.3383431085043988,0.0,0.41152263374485587,0.41118988311937155,0.5262615859938209,0.11385936036519383,0.21739130434782608,0.3893129770992366,0.702127659574468,1.0,0.28366445916114785,0.37333333333333335
0.08804103141422692,0.0,0.6466275659824048,0.0,0.5555555555555556,0.5073768921249281,0.6436663233779609,0.16675608580599988,1.0,0.9141221374045801,0.8085106382978723,1.0,0.3170529801324503,0.3644444444444444
0.1622119755584699,0.0,0.6466275659824048,0.0,0.4362139917695473,0.6305805709906114,1.0,0.030544971764770078,1.0,0.9141221374045801,0.8085106382978723,0.4514599828533966,0.4980684326710817,0.5
0.07235853302263642,0.0,0.6466275659824048,0.0,0.4094650205761316,0.54876413105959,0.7404737384140061,0.09737289599796307,1.0,0.9141221374045801,0.8085106382978723,0.24617983761157902,0.2842163355408388,0.2466666666666667
8.991807114947215e-05,1.0,0.031524926686217015,0.0,0.05349794238683121,0.6236826978348343,0.3872296601441813,0.6542934827087633,0.17391304347826086,0.1316793893129771,0.26595744680851063,0.9899137626708356,0.061258278145695365,0.5911111111111111
0.0023074101032843925,0.0,0.2969208211143695,0.0,0.2777777777777778,0.4935811458133742,0.8702368692070032,0.1441406214478626,0.17391304347826086,0.37595419847328243,0.8829787234042552,0.9938726108225328,0.32312362030905073,0.31777777777777777
0.0904741020219427,0.0,0.6466275659824048,0.0,0.4094650205761316,0.35753975857443954,0.9526261585993822,0.11823332029935711,1.0,0.9141221374045801,0.8085106382978723,0.8882444903928589,0.4528145695364238,0.19555555555555557
0.005681810518346209,0.0,0.21041055718475077,0.0,0.25102880658436216,0.7275340103468098,0.7075180226570545,0.27447735270849055,0.30434782608695654,0.22900763358778625,0.5106382978723403,0.982777749760452,0.08278145695364239,0.5888888888888889
0.0009688672166355625,0.3,0.16385630498533724,0.0,0.088477366255144,0.5834451044261353,0.4047373841400619,0.4601569533232093,0.21739130434782608,0.21564885496183206,0.4255319148936172,0.9669171415603409,0.1556291390728477,0.4066666666666667
0.00023592253917842758,0.0,0.2423020527859238,0.0,0.17283950617283944,0.5479977007089482,0.7826982492276005,0.34896198019441843,0.043478260869565216,0.1049618320610687,0.5531914893617023,1.0,0.20447019867549668,0.36888888888888893
0.025132550476633216,0.0,0.7008797653958944,0.0,0.4526748971193415,0.43935619850546087,0.9155509783728115,0.11752402949922253,0.17391304347826086,0.4122137404580153,0.2234042553191489,0.995486408795199,0.2734547461368653,0.3933333333333333
0.0021251012140288375,0.0,0.37939882697947214,0.0,0.057613168724279774,0.5142747652807053,0.03398558187435634,0.37807927688712273,0.13043478260869565,0.22519083969465647,0.702127659574468,0.9502496343738969,0.16032008830022076,0.40888888888888886
0.06535728720776066,0.0,0.6466275659824048,0.0,0.6748971193415637,0.5656255987737115,0.8959835221421216,0.15204284843910557,1.0,0.9141221374045801,0.8085106382978723,0.9922335972565435,0.23620309050772623,0.3377777777777778
0.0005651350771744325,0.0,0.10813782991202348,0.0,0.21399176954732507,0.6602797470779843,0.858908341915551,0.20843146704980495,0.043478260869565216,0.15839694656488548,0.5531914893617023,1.0,0.10402869757174392,0.4133333333333334
0.0007327198822792612,0.0,0.14772727272727276,0.0,0.13168724279835392,0.4905154244108068,0.5550978372811535,0.23806709163491527,0.08695652173913043,0.11450381679389313,0.6276595744680851,0.9955872711684906,0.18515452538631344,0.3822222222222222
0.0015998672809269833,0.0,0.2969208211143695,0.0,0.2777777777777778,0.6066296225330524,0.7929969104016479,0.14987860215151544,0.17391304347826086,0.37595419847328243,0.8829787234042552,0.9946038630288971,0.21219646799116995,0.5
0.006429366882365132,0.2,0.12866568914956014,0.0,0.39094650205761305,0.9074535351599926,0.6601441812564366,0.11748765561203614,0.17391304347826086,0.14694656488549618,0.042553191489361736,0.9688335266528822,0.15756070640176603,1.0
0.0007182205933064088,0.0,0.1315982404692082,0.0,0.257201646090535,0.471163058057099,0.45623069001029876,0.22054397148287244,0.17391304347826086,0.20801526717557253,0.4255319148936172,0.9907458772504918,0.23123620309050769,0.40444444444444444
0.00619827743951099,0.0,0.7855571847507332,0.0,0.49176954732510286,0.5315194481701476,0.9814624098867147,0.08921605179641535,0.13043478260869565,0.4770992366412214,0.9148936170212765,0.9943769226889909,0.42025386313465785,0.29111111111111115
0.1717623986904332,0.0,0.6466275659824048,0.0,0.5884773662551441,0.5916842306955357,0.9309989701338826,0.019578244778073826,1.0,0.9141221374045801,0.8085106382978723,0.9145695698219779,0.5935430463576158,0.19777777777777777
0.13758453984651883,0.0,0.6466275659824048,0.0,0.4094650205761316,0.4360988695152328,0.5849639546858909,0.07893133519446391,1.0,0.9141221374045801,0.8085106382978723,0.06134953855464219,0.38520971302428253,0.11555555555555554
0.00012880763692161887,0.95,0.03702346041055719,0.0,0.03703703703703707,0.6848055182985247,0.11328527291452112,0.5932399130664097,0.08695652173913043,0.41030534351145037,0.46808510638297873,0.9682283524131323,0.07505518763796909,0.62
0.007481071122047146,0.0,0.28152492668621704,0.0,0.3148148148148149,0.4315002874113815,0.9001029866117405,0.32303649210231977,0.13043478260869565,0.22900763358778625,0.8936170212765957,0.9495183821675325,0.36092715231788075,0.25777777777777783
0.0031839988994028096,0.0,0.3383431085043988,0.0,0.41152263374485587,0.3504502778310021,0.7209062821833162,0.15177004428520766,0.21739130434782608,0.3893129770992366,0.702127659574468,1.0,0.5355960264900662,0.32666666666666666
0.03725676599766123,0.0,0.7008797653958944,1.0,1.0,0.3529411764705882,1.0,0.017459465849466685,0.17391304347826086,0.4122137404580153,0.2234042553191489,1.0,0.6923289183222958,0.18666666666666668
0.05839560534419064,0.0,0.6466275659824048,1.0,0.7921810699588477,0.4916650699367695,0.8290422245108137,0.14486809919159038,1.0,0.9141221374045801,0.8085106382978723,0.9962933077815321,0.2690397350993377,0.3933333333333333
0.04963432568415288,0.0,0.6466275659824048,0.0,0.4094650205761316,0.4679057290668711,0.9433573635427395,0.128281606634597,1.0,0.9141221374045801,0.8085106382978723,0.8345604922083818,0.5405629139072847,0.31333333333333335
0.03966162481055387,0.0,0.7008797653958944,1.0,1.0,0.49645525962828135,0.8208032955715756,0.056006692795242306,0.17391304347826086,0.4122137404580153,0.2234042553191489,0.2211155378486056,0.3667218543046357,0.23555555555555555
0.14688993623459984,0.0,0.6466275659824048,0.0,0.40123456790123446,0.4123395286453344,0.5540679711637488,0.15405250570615356,1.0,0.9141221374045801,0.8085106382978723,1.0,0.3595474613686534,0.3355555555555556
9.767350478611412e-05,0.8,0.056818181818181816,0.0,0.10288065843621397,0.589001724468289,0.2760041194644696,0.65603942929371,0.13043478260869565,0.17748091603053434,0.46808510638297873,0.9849715063795451,0.11754966887417218,0.43333333333333335
0.03548706595985068,0.0,0.6466275659824048,0.0,0.5555555555555556,0.42115347767771616,0.46652935118434613,0.1761314552282916,1.0,0.9141221374045801,0.8085106382978723,0.842402541731807,0.3421633554083885,0.3311111111111111
0.00013914821510380818,0.85,0.13526392961876835,0.0,0.09053497942386828,0.5662004215366929,0.2554067971163749,0.6734352408406005,0.13043478260869565,0.31297709923664124,0.5638297872340424,0.9887286297846589,0.12775938189845476,0.40222222222222226
0.00045543503037207646,0.0,0.10813782991202348,0.0,0.21399176954732507,0.5472312703583062,0.650875386199794,0.17847757095181369,0.043478260869565216,0.15839694656488548,0.5531914893617023,0.9880982399515862,0.19536423841059603,0.39111111111111113
0.00848938989239954,0.2,0.12866568914956014,0.0,0.5390946502057613,0.3830235677332822,0.6168898043254377,0.0779219598250416,0.17391304347826086,0.14694656488549618,0.042553191489361736,0.9886529830046901,0.24061810154525382,0.39555555555555555
1.0,0.0,0.6466275659824048,0.0,0.5884773662551441,0.652807051159226,0.9165808444902164,0.026089170584437445,1.0,0.9141221374045801,0.8085106382978723,1.0,0.42715231788079466,0.12000000000000001
0.07472866098054758,0.0,0.6466275659824048,0.0,0.6748971193415637,0.5280705115922592,0.8249227600411946,0.14593203539179223,1.0,0.9141221374045801,0.8085106382978723,1.0,0.3383002207505518,0.32222222222222224
0.018056672662703374,0.0,0.28152492668621704,0.0,0.3148148148148149,0.48572523471929496,0.9680741503604532,0.23917649519410014,0.13043478260869565,0.22900763358778625,0.8936170212765957,0.6253214988148672,0.5135209713024282,0.18888888888888888
0.0008153321101478387,0.8,0.1645894428152493,0.0,0.05349794238683121,0.6872964169381108,0.2554067971163749,0.36256581400212784,0.13043478260869565,0.11068702290076336,0.702127659574468,1.0,0.050496688741721855,0.7177777777777777
0.0013079707424580092,0.0,0.2364369501466276,0.0,0.12962962962962962,0.4805518298524622,0.3820803295571576,0.41750857059716834,0.08695652173913043,0.08778625954198473,0.5638297872340424,0.9810630894144939,0.21578366445916114,0.36
0.032794019728923984,0.0,0.7008797653958944,0.0,0.4526748971193415,0.4866832726575973,0.9279093717816683,0.10492047758913875,0.17391304347826086,0.4122137404580153,0.2234042553191489,0.6047707902566948,0.2229580573951435,0.4444444444444444
0.09263550765719814,0.0,0.6466275659824048,0.0,0.6748971193415637,0.7342402759149262,0.9927909371781668,0.12031572534077786,1.0,0.9141221374045801,0.8085106382978723,0.9469716072419184,0.4141832229580573,0.28444444444444444
0.0023701279579111494,0.0,0.3713343108504399,1.0,0.21399176954732507,0.43035064188541877,0.5242018537590113,0.22942829342814794,0.13043478260869565,0.1717557251908397,0.6382978723404257,0.9849715063795451,0.3945916114790287,0.38666666666666666
0.003875693661720124,0.0,0.2536656891495601,0.0,0.2222222222222222,0.4751868173979691,0.4840370751802266,0.3265920395747893,0.17391304347826086,0.19083969465648856,0.74468085106383,1.0,0.16473509933774835,0.3422222222222222
0.005273132884971858,0.0,0.3460410557184751,0.0,0.32716049382716056,0.48898256370952303,0.5756951596292482,0.26119179041366203,0.13043478260869565,0.22328244274809161,0.6170212765957446,0.9983105552473651,0.30353200883002207,0.35555555555555557
0.05240548823939068,0.0,0.6466275659824048,0.0,0.6748971193415637,0.4627323242000384,0.8753861997940269,0.13194627576862572,1.0,0.9141221374045801,0.8085106382978723,0.025619042816077464,0.4768211920529801,0.1711111111111111
0.0006557275338575256,0.7,0.0652492668621701,0.0,0.030864197530864227,0.5334355240467523,0.17713697219361488,0.6090989278796751,0.17391304347826086,0.32633587786259544,0.23404255319148948,0.9277321095365375,0.08940397350993376,0.3888888888888889
0.0037511571331781046,0.0,0.7855571847507332,0.0,0.49176954732510286,0.5550871814523857,0.9886714727085479,0.08992534259654994,0.13043478260869565,0.4770992366412214,0.9148936170212765,0.9953098996419387,0.29994481236203085,0.31555555555555553
0.06434582130491802,0.0,0.6466275659824048,0.0,0.3024691358024692,0.6706265568116498,0.7631307929969103,0.20742209168038267,1.0,0.9141221374045801,0.8085106382978723,0.9959150738816884,0.14569536423841056,0.4444444444444444
0.00033528200779859435,0.8,0.1645894428152493,0.0,0.05349794238683121,0.5880436865299866,0.21112255406797117,0.36256581400212784,0.13043478260869565,0.11068702290076336,0.702127659574468,1.0,0.08195364238410596,0.5088888888888888
0.003291450994426428,0.2,0.23826979472140764,0.0,0.16255144032921814,0.4397394136807818,0.4037075180226571,0.3000300084569288,0.08695652173913043,0.06870229007633588,0.6382978723404257,0.9791971355085985,0.31098233995584984,0.3577777777777778
0.009834002248850959,0.0,0.7855571847507332,0.0,0.49176954732510286,0.3977773519831385,0.945417095777549,0.07732179068646619,0.13043478260869565,0.4770992366412214,0.9148936170212765,1.0,0.4583333333333333,0.2066666666666667
0.00012105220328497691,0.9,0.057184750733137835,0.0,0.05144032921810693,0.6068212301207128,0.34191555097837284,1.0,0.17391304347826086,0.0,0.46808510638297873,0.9686318019062988,0.07643487858719647,0.5577777777777778
0.15785544501127796,0.0,0.6466275659824048,0.0,0.4362139917695473,0.5932170913968194,1.0,0.036182924278660364,1.0,0.9141221374045801,0.8085106382978723,0.08757375561046951,0.5378035320088299,0.2711111111111111
0.000998090589759141,0.0,0.4534457478005865,0.0,0.10699588477366254,0.5221306763747844,0.43357363542739447,0.30672280369922433,0.17391304347826086,0.4026717557251908,0.648936170212766,0.9655302839275809,0.19895143487858716,0.3644444444444444
0.01823448564840146,0.0,0.7855571847507332,0.0,0.49176954732510286,0.2793638628089673,1.0,0.028171575625858203,0.13043478260869565,0.4770992366412214,0.9148936170212765,1.0,0.901766004415011,0.2088888888888889
0.0005314158004933805,0.21,0.18988269794721407,0.0,0.1111111111111111,0.5652423835983906,0.18743563336766225,0.5169729651083488,0.13043478260869565,0.10687022900763359,0.44680851063829796,1.0,0.09795805739514349,0.4444444444444444
0.001105655082371697,0.4,0.218108504398827,1.0,0.12757201646090535,0.710097719869707,0.47476828012358396,0.33260282443234007,0.13043478260869565,0.12786259541984732,0.5319148936170215,0.9807100711079733,0.11920529801324503,0.6266666666666667
0.0008505125554850696,0.0,0.4934017595307918,0.0,0.10699588477366254,0.46905537459283403,0.4057672502574665,0.39766661513699314,0.13043478260869565,0.1946564885496183,0.3617021276595745,1.0,0.23923841059602646,0.3711111111111111
0.0019407691681724197,0.0,0.3383431085043988,0.0,0.41152263374485587,0.40410040237593414,0.26673532440782705,0.15177004428520766,0.21739130434782608,0.3893129770992366,0.702127659574468,0.9908971708104293,0.4379139072847682,0.40222222222222226
0.08616061975131359,0.0,0.6466275659824048,0.0,0.6337448559670781,0.41885418662579044,0.9886714727085479,0.04581291091125681,1.0,0.9141221374045801,0.8085106382978723,0.990418074537294,0.5019315673289183,0.07777777777777778
0.00047060870487854986,0.8,0.11656891495601175,0.0,0.014403292181069971,0.4880245257712205,0.2996910401647786,0.7357255226472915,0.0,0.24427480916030533,0.40425531914893603,0.9898885470775127,0.1335540838852097,0.37555555555555553
0.0004164330670109929,0.21,0.18988269794721407,0.0,0.1111111111111111,0.48936577888484395,0.6189495365602472,0.5169729651083488,0.13043478260869565,0.10687022900763359,0.44680851063829796,0.9926118311563872,0.21247240618101543,0.34444444444444444
0.00876004328655945,0.2,0.12866568914956014,0.0,0.5390946502057613,0.6616210001916077,0.8414006179196704,0.09123480253525992,0.17391304347826086,0.14694656488549618,0.042553191489361736,0.9676483937667054,0.3603752759381898,0.5711111111111111
0.10318885447524488,0.0,0.6466275659824048,0.0,0.648148148148148,0.3784249856294309,1.0,0.04099337085906029,1.0,0.9141221374045801,0.8085106382978723,1.0,0.6034768211920529,0.14
0.003120157068886684,0.0,0.2536656891495601,0.0,0.2222222222222222,0.4113814907070321,0.7353244078269825,0.3265920395747893,0.17391304347826086,0.19083969465648856,0.74468085106383,0.9854506026526805,0.2762141280353201,0.3
0.00027076579174884803,0.0,0.1733870967741936,0.0,0.2674897119341564,0.4472121095995401,0.5839340885684862,0.40787858396457183,0.17391304347826086,0.07061068702290077,0.8085106382978723,0.9947299409955117,0.24365342163355408,0.3
0.00224525423660232,0.22,0.19794721407624635,0.0,0.09465020576131684,0.38934661812607785,0.7579814624098867,0.6206567305331503,0.2608695652173913,0.2729007633587786,0.6914893617021278,0.9384487366987746,0.29718543046357615,0.28
0.0015284948119520898,0.0,0.35007331378299117,0.0,0.3333333333333334,0.5159992335696494,0.8372811534500515,0.10247433367585411,0.21739130434782608,0.4675572519083969,0.5531914893617023,0.9794240758485048,0.24061810154525382,0.3
0.015529637670636398,0.0,0.28152492668621704,0.0,0.3148148148148149,0.45775052692086615,0.8146240988671473,0.260109667269867,0.13043478260869565,0.22900763358778625,0.8936170212765957,0.5857078017045741,0.716887417218543,0.1822222222222222
0.12454866748162412,0.0,0.6466275659824048,0.0,0.6851851851851851,0.5460816248323433,1.0,0.06631868981258356,1.0,0.9141221374045801,0.8085106382978723,0.8029401381814515,0.3667218543046357,0.26
0.004963365129861926,0.0,0.21041055718475077,1.0,0.25102880658436216,0.606438014945392,0.654994850669413,0.22936463912557176,0.30434782608695654,0.22900763358778625,0.5106382978723403,0.907458772504917,0.17439293598233996,0.5333333333333333
0.0017201327010894023,0.0,0.2364369501466276,0.0,0.12962962962962962,0.5077601073002492,0.037075180226570546,0.41750857059716834,0.08695652173913043,0.08778625954198473,0.5638297872340424,0.9938473952292097,0.15756070640176603,0.43777777777777777
0.43099394986258266,0.0,0.6466275659824048,0.0,0.6337448559670781,0.3625215558536119,1.0,0.03273649846775001,1.0,0.9141221374045801,0.8085106382978723,1.0,0.7963576158940396,0.0
0.0006178495463858105,0.2,0.10520527859237538,1.0,0.11913580246913583,0.782525388005365,0.48197734294541716,0.3712227991524884,0.17391304347826086,0.05534351145038168,0.24468085106382986,0.9499974784406677,0.035320088300220744,0.9111111111111111
0.005851530877640837,0.0,0.21041055718475077,0.0,0.2448559670781893,0.9894615826786741,0.8249227600411946,0.1604815902663478,0.30434782608695654,0.22900763358778625,0.5106382978723403,0.9624287659488628,0.08002207505518763,1.0
0.0007431728580503873,0.6,0.045087976539589444,0.0,0.05349794238683121,0.44510442613527507,0.16065911431513905,0.8712182524165901,0.13043478260869565,0.42748091603053434,0.6063829787234043,0.9884764738514298,0.1672185430463576,0.3022222222222223
0.0015560322212416157,0.0,0.35007331378299117,0.0,0.3333333333333334,0.4157884652232229,0.6416065911431514,0.14818721639734833,0.21739130434782608,0.4675572519083969,0.5531914893617023,0.9863835796056282,0.3278145695364238,0.31777777777777777
0.0009521199758839732,0.0,0.07331378299120235,0.0,0.2119341563786008,0.6886376700517342,0.9196704428424305,0.1428584419245424,0.08695652173913043,0.011450381679389313,0.5531914893617023,0.9929900650562309,0.08526490066225166,0.731111111111111
0.002870297228680088,0.0,0.3460410557184751,0.0,0.32716049382716056,0.4717378808200805,0.9011328527291452,0.15498913330120306,0.13043478260869565,0.22328244274809161,0.6170212765957446,0.9984870644006254,0.27566225165562913,0.31999999999999995
0.006395085617739396,0.0,0.21041055718475077,0.0,0.25102880658436216,0.9151178386664113,0.7250257466529351,0.24632396402622558,0.30434782608695654,0.22900763358778625,0.5106382978723403,0.9722880629381211,0.020419426048565125,0.8155555555555556
0.002293585199845161,0.2,0.10520527859237538,0.0,0.11913580246913583,0.6229162674841925,0.30175077239958814,0.2701761405487001,0.17391304347826086,0.05534351145038168,0.24468085106382986,1.0,0.08609271523178806,0.6688888888888889
0.004826240071358981,0.0,0.3713343108504399,1.0,0.21399176954732507,0.34163632879862055,1.0,0.24965217470378015,0.13043478260869565,0.1717557251908397,0.6382978723404257,1.0,0.5894039735099337,0.3333333333333333
0.007007315284678365,0.0,0.28152492668621704,0.0,0.3148148148148149,0.45755891933320564,0.6065911431513903,0.325355327410452,0.13043478260869565,0.22900763358778625,0.8936170212765957,1.0,0.1801876379690949,0.3422222222222222
0.0033398943552582065,0.0,0.2536656891495601,0.0,0.2222222222222222,0.5271124736539569,0.26776519052523173,0.3897734816175467,0.17391304347826086,0.19083969465648856,0.74468085106383,1.0,0.12196467991169976,0.4
0.0003161744176793315,0.825,0.05755131964809384,0.0,0.061728395061728336,0.49837133550488605,0.3656024716786818,0.4674408242322836,0.043478260869565216,0.30725190839694655,0.2234042553191489,0.9921075192899289,0.1572847682119205,0.42444444444444446
0.00261661587044964,0.0,0.3383431085043988,0.0,0.41152263374485587,0.47097145046943867,0.6426364572605562,0.11635097163746147,0.21739130434782608,0.3893129770992366,0.702127659574468,1.0,0.3087748344370861,0.36
0.0003225810802487314,0.8,0.1645894428152493,0.0,0.05349794238683121,0.6323050392795555,0.25746652935118436,0.36256581400212784,0.13043478260869565,0.11068702290076336,0.702127659574468,1.0,0.04415011037527594,0.5222222222222223
0.003555360533250129,0.0,0.7855571847507332,0.0,0.49176954732510286,0.4562176662195824,0.933058702368692,0.07613963935290856,0.13043478260869565,0.4770992366412214,0.9148936170212765,0.9529729184527712,0.41859823399558493,0.2755555555555555
0.0015059028965757851,0.22,0.19794721407624635,0.0,0.09465020576131684,0.5606438014945393,0.10401647785787847,0.5698969709645445,0.2608695652173913,0.2729007633587786,0.6914893617021278,0.9984366332139795,0.1150662251655629,0.43111111111111106
0.11987742368540902,0.0,0.6466275659824048,0.0,0.7304526748971193,0.555278789040046,0.9464469618949536,0.07804926843019397,1.0,0.9141221374045801,0.8085106382978723,0.10777144586212115,0.613962472406181,0.15111111111111114
0.0007057444609344196,0.45,0.10923753665689151,0.0,0.10699588477366254,0.608928913584978,0.2873326467559218,0.4865189280615446,0.17391304347826086,0.4026717557251908,0.276595744680851,0.9818699884008271,0.08167770419426049,0.5666666666666667
0.0010241668303924878,0.0,0.20161290322580647,0.0,0.2345679012345679,0.4368652998658748,0.6024716786817714,0.20444852640289535,0.17391304347826086,0.17557251908396945,0.702127659574468,0.9512330425134904,0.2671081677704194,0.3333333333333333
0.0008164560860372071,0.0,0.4534457478005865,0.0,0.10699588477366254,0.5196397777351983,0.03192584963954686,0.2838890960179687,0.17391304347826086,0.4026717557251908,0.648936170212766,0.9950073125220638,0.1393487858719647,0.42444444444444446
0.10369779075795088,0.0,0.6466275659824048,0.0,0.5061728395061729,0.5087181452385515,1.0,0.003591921359655911,1.0,0.9141221374045801,0.8085106382978723,0.922462050532049,0.21523178807947016,1.0
0.32201324762942246,0.0,0.6466275659824048,0.0,0.4362139917695473,0.3054224947307914,1.0,0.041811783320754026,1.0,0.9141221374045801,0.8085106382978723,0.5311664733471179,0.5063465783664458,0.2511111111111111
0.0015536718718739421,0.125,0.27162756598240473,0.0,0.2860082304526749,0.5002874113814907,0.9598352214212151,0.4383871818421555,0.17391304347826086,0.2366412213740458,0.276595744680851,1.0,0.4806843267108167,0.49111111111111116
0.0007050700754007985,0.0,0.06304985337243403,0.0,0.15020576131687244,0.6871048093504504,0.5283213182286304,0.4485445898389546,0.08695652173913043,0.06679389312977099,0.648936170212766,1.0,0.09933774834437085,0.6933333333333334
0.00015477147996602897,0.95,0.08137829912023462,0.0,0.06399176954732513,0.8570607396052886,0.29866117404737386,0.36268402913548364,0.13043478260869565,0.07061068702290077,0.2234042553191489,0.9839880982399517,0.031732891832229576,1.0
0.043198664536807284,0.0,0.6466275659824048,1.0,0.7921810699588477,0.5430159034297758,0.9073120494335736,0.1250897980339914,1.0,0.9141221374045801,0.8085106382978723,0.9859801301124616,0.31843267108167767,0.3711111111111111
0.00030055115281711067,0.0,0.1733870967741936,0.0,0.2674897119341564,0.47863575397585756,0.35427394438722964,0.3348761923814893,0.17391304347826086,0.07061068702290077,0.8085106382978723,0.9980836149074588,0.18708609271523177,0.3466666666666667
0.0009605497950542362,0.0,0.1315982404692082,0.0,0.257201646090535,0.5470396627706459,0.8362512873326466,0.13792068673899008,0.17391304347826086,0.20801526717557253,0.4255319148936172,0.9964698169347925,0.2017108167770419,0.4133333333333334
0.015945845942469516,0.0,0.7008797653958944,0.0,1.0,0.5650507760107301,1.0,0.05786176104174814,0.17391304347826086,0.4122137404580153,0.2234042553191489,0.9178223813606334,0.15618101545253862,0.4066666666666667
0.001927731047855746,0.0,0.3383431085043988,0.0,0.41152263374485587,0.3847480360222265,0.7270854788877446,0.11551437223217453,0.21739130434782608,0.3893129770992366,0.702127659574468,0.9971506379545111,0.3689293598233995,0.2777777777777778
0.004078683707340057,0.0,0.3460410557184751,0.0,0.32716049382716056,0.575972408507377,0.8692070030895983,0.22485427711445954,0.13043478260869565,0.22328244274809161,0.6170212765957446,0.9969489132079279,0.2083333333333333,0.4177777777777778
0.0003524788389059308,0.8,0.03885630498533725,0.0,0.039094650205761354,0.7114389729833303,0.364572605561277,0.5619219961989288,0.043478260869565216,0.27099236641221375,0.0,0.9881486711382319,0.13493377483443708,0.6577777777777778
0.0013694522236064608,0.125,0.20564516129032262,0.0,0.049382716049382644,0.44529603372293547,0.309989701338826,0.4881739399285253,0.13043478260869565,0.3015267175572519,0.6702127659574467,1.0,0.19481236203090502,0.3533333333333333
0.001035968577230856,0.0,0.9233870967741935,0.0,0.40329218106995873,0.44414638819697255,0.956745623069001,0.07972246724076786,0.043478260869565216,0.0019083969465648854,0.6914893617021278,0.9558222804982601,0.4373620309050772,0.3066666666666667
0.0007000121838986406,0.0,0.08907624633431087,0.0,0.12345679012345678,0.7386472504311172,0.6138002059732235,0.2151151688203039,0.043478260869565216,0.16984732824427481,0.574468085106383,1.0,0.1230684326710817,0.6266666666666667
0.005932344744086426,0.2,0.12866568914956014,0.0,0.5390946502057613,0.7585744395478061,0.8908341915550979,0.09186225208922516,0.17391304347826086,0.14694656488549618,0.042553191489361736,0.9784910988955571,0.15259381898454744,0.8466666666666667
0.0003234802609602261,0.95,0.08137829912023462,0.0,0.06399176954732513,0.8223797662387431,0.3120494335736355,0.36268402913548364,0.13043478260869565,0.07061068702290077,0.2234042553191489,0.9896111755509607,0.05739514348785872,0.9666666666666667
0.06390286240691793,0.0,0.6466275659824048,0.0,0.40740740740740733,0.48917417129718344,0.791967044284243,0.2197255590211787,1.0,0.9141221374045801,0.8085106382978723,0.9893590196177316,0.36561810154525387,0.31333333333333335
0.001052940613160319,0.34,0.20637829912023462,0.0,0.09876543209876541,0.6554895573864726,0.15242018537590113,0.39666633323936745,0.2608695652173913,0.27099236641221375,0.37234042553191504,0.9836855111200767,0.08636865342163356,0.6244444444444445
0.002736656495434185,0.0,0.7855571847507332,0.0,0.49176954732510286,0.43993102126844236,0.9814624098867147,0.04901381298365905,0.13043478260869565,0.4770992366412214,0.9148936170212765,0.9877452216450654,0.5405629139072847,0.18444444444444447
0.0018964845181313047,0.0,0.20161290322580647,0.0,0.2345679012345679,0.4608162483234337,0.28115345005149334,0.24713328301612275,0.17391304347826086,0.17557251908396945,0.702127659574468,0.99125018911695,0.23178807947019867,0.43777777777777777
0.000512083415196244,0.0,0.14772727272727276,0.0,0.13168724279835392,0.4702050201187967,0.4346035015447992,0.29986632596459,0.08695652173913043,0.11450381679389313,0.6276595744680851,0.9977053810076152,0.3071192052980132,0.3888888888888889
0.054280729613212925,0.0,0.6466275659824048,0.0,0.40740740740740733,0.44912818547614497,0.518022657054583,0.18393365402977202,1.0,0.9141221374045801,0.8085106382978723,0.9781128649957135,0.26821192052980125,0.3466666666666667
0.011196261026765464,0.0,0.28152492668621704,0.0,0.3148148148148149,0.5964744203870475,0.8692070030895983,0.282752412043394,0.13043478260869565,0.22900763358778625,0.8936170212765957,0.9579656059307077,0.28283664459161145,0.35555555555555557
0.0024509418243567373,0.0,0.3383431085043988,0.0,0.41152263374485587,0.47250431117072245,0.7909371781668383,0.12445325500822961,0.21739130434782608,0.3893129770992366,0.702127659574468,1.0,0.34768211920529796,0.26222222222222225
0.0921015067121592,0.0,0.6466275659824048,0.0,0.6748971193415637,0.4550680206936195,0.7971163748712667,0.15000591075666778,1.0,0.9141221374045801,0.8085106382978723,0.008018558676685663,0.4197019867549669,0.18888888888888888
0.00017477825079678652,0.6,0.09054252199413491,0.0,0.03292181069958851,0.6206169764322668,0.07209062821833162,0.46285771444679863,0.0,0.14885496183206107,0.3191489361702127,0.9910988955570125,0.09105960264900663,0.5800000000000001
0.00023951926202440645,0.75,0.09127565982404694,0.0,0.088477366255144,0.5813374209618701,0.1946446961894954,0.38842764779165034,0.08695652173913043,0.12404580152671756,0.6063829787234043,0.9967976196479904,0.07146799116997793,0.5733333333333334
0.001287064790915757,0.0,0.08907624633431087,0.0,0.12345679012345678,0.8637670051734051,0.752832131822863,0.2151151688203039,0.043478260869565216,0.16984732824427481,0.574468085106383,1.0,0.0684326710816777,0.7488888888888889
0.015820297835627068,0.0,0.7008797653958944,1.0,1.0,0.4920482851120904,0.9588053553038105,0.0563613381953096,0.17391304347826086,0.4122137404580153,0.2234042553191489,0.8086640778657522,0.3694812362030905,0.26666666666666666
0.0013507942238429455,0.25,0.1711876832844575,0.0,0.13991769547325103,0.6133358881011688,0.4170957775489187,0.6230210332002656,0.30434782608695654,0.1851145038167939,0.7553191489361701,0.9966715416813757,0.21440397350993376,0.4444444444444444
0.0012492992010329788,0.125,0.27162756598240473,0.0,0.2860082304526749,0.46905537459283403,0.82389289392379,0.4635033509443571,0.17391304347826086,0.2366412213740458,0.276595744680851,1.0,0.31843267108167767,0.3088888888888889
0.28144108995089123,0.0,0.6466275659824048,0.0,0.6337448559670781,0.4648400076643036,1.0,0.04175722248997445,1.0,0.9141221374045801,0.8085106382978723,1.0,0.6909492273730684,0.013333333333333326
0.0019699925412959983,0.0,0.2536656891495601,0.0,0.2222222222222222,0.539375359264227,0.529351184346035,0.3101601360383381,0.17391304347826086,0.19083969465648856,0.74468085106383,1.0,0.14183222958057395,0.40222222222222226
0.06365817285580243,0.0,0.6466275659824048,1.0,0.5061728395061729,0.5981988886759916,0.9670442842430483,0.0206512744500723,1.0,0.9141221374045801,0.8085106382978723,0.9456099652024812,0.05518763796909492,1.0
0.006937628779537524,0.0,0.21041055718475077,1.0,0.25102880658436216,0.635753975857444,0.7703398558187435,0.1948276332420955,0.30434782608695654,0.22900763358778625,0.5106382978723403,0.9835846487467851,0.22626931567328915,0.5
0.0027789179888744373,0.0,0.3460410557184751,0.0,0.32716049382716056,0.41080666794405063,0.7703398558187435,0.2560176049613982,0.13043478260869565,0.22328244274809161,0.6170212765957446,0.9987896515205004,0.26959161147902866,0.24888888888888888
0.001367878657361345,0.0,0.2969208211143695,0.0,0.2777777777777778,0.5581529028549531,0.9701338825952626,0.11851521792505161,0.17391304347826086,0.37595419847328243,0.8829787234042552,0.9958142115083969,0.29083885209713023,0.3288888888888889
0.1217027605297433,0.0,0.6466275659824048,0.0,0.6049382716049384,0.6171680398543783,0.9052523171987641,0.06273586192472423,1.0,0.9141221374045801,0.8085106382978723,0.053583135811185637,0.6639072847682118,0.05555555555555555
0.017002383278475815,0.0,0.7008797653958944,1.0,0.4526748971193415,0.9223989269975092,0.9371781668383111,0.09388100282806973,0.17391304347826086,0.4122137404580153,0.2234042553191489,0.9786928236421403,0.04387417218543046,1.0
0.0003453977908029099,0.2,0.10520527859237538,0.0,0.11913580246913583,0.652807051159226,0.353244078269825,0.3742054579017723,0.17391304347826086,0.05534351145038168,0.24468085106382986,0.9882243179182008,0.07891832229580573,0.6755555555555556
0.24777801206430763,0.0,0.6466275659824048,0.0,0.7304526748971193,0.4324583253496838,0.92173017507724,0.06698251325373515,1.0,0.9141221374045801,0.8085106382978723,0.9862575016390136,0.5623620309050772,0.12222222222222222
0.00600405440582813,0.2,0.12866568914956014,0.0,0.39094650205761305,0.7489940601647825,0.5118434603501545,0.15844465258391,0.17391304347826086,0.14694656488549618,0.042553191489361736,0.9833577084068789,0.03945916114790287,0.8555555555555555
0.2539149204202591,0.0,0.6466275659824048,0.0,0.648148148148148,0.2757233186434183,0.8918640576725025,0.03535541834517,1.0,0.9141221374045801,0.8085106382978723,1.0,0.8349889624724061,0.053333333333333344
0.022523015654286598,0.0,0.7008797653958944,0.0,0.4526748971193415,0.836941942900939,0.96086508753862,0.08332348207222036,0.17391304347826086,0.4122137404580153,0.2234042553191489,0.930404962428766,0.0543598233995585,1.0
0.06108606643057179,0.0,0.6466275659824048,0.0,0.6748971193415637,0.5928338762214985,0.9814624098867147,0.11144959033909556,1.0,0.9141221374045801,0.8085106382978723,0.8950779161833678,0.44150110375275936,0.22666666666666666
0.04127127068171835,0.0,0.6466275659824048,0.0,0.7921810699588477,0.34508526537650897,0.96086508753862,0.08857041529885697,1.0,0.9141221374045801,0.8085106382978723,0.9593776791567906,0.2334437086092715,0.35111111111111115
0.00025210779198533257,0.28,0.5344574780058651,0.0,0.16255144032921814,0.5077601073002492,0.26776519052523173,0.23063772517709538,0.13043478260869565,0.15839694656488548,0.5957446808510638,0.9985627111805941,0.12362030905077263,0.4444444444444444
0.26572903099341033,0.0,0.6466275659824048,0.0,0.5884773662551441,0.5401417896148688,0.96086508753862,0.02332475515827189,1.0,0.9141221374045801,0.8085106382978723,1.0,0.6059602649006622,0.18
0.02578490608282263,0.0,0.7008797653958944,0.0,0.4526748971193415,0.5284537267675801,0.9598352214212151,0.08824305031417946,0.17391304347826086,0.4122137404580153,0.2234042553191489,0.7483231630440265,0.2585540838852097,0.4177777777777778
0.0002548053341198167,0.4,0.028958944281524932,0.0,0.09053497942386828,0.6472504311170724,0.32543769309989706,0.6967872764142622,0.0,0.2824427480916031,0.7553191489361701,0.982223006707348,0.11479028697571744,0.48000000000000004
0.020163677864913382,0.0,0.7008797653958944,0.0,0.4526748971193415,0.4437631730216517,0.7857878475798147,0.1178786748992898,0.17391304347826086,0.4122137404580153,0.2234042553191489,0.5731252206364417,0.28725165562913907,0.4177777777777778
0.0036546076042813587,0.0,0.21041055718475077,0.0,0.25102880658436216,0.8978731557769689,0.6951596292481977,0.22936463912557176,0.30434782608695654,0.22900763358778625,0.5106382978723403,0.954738009985375,0.061258278145695365,0.9622222222222222
0.026551682434549757,0.0,0.7008797653958944,0.0,1.0,0.26154435715654345,0.9557157569515963,0.030117578590330017,0.17391304347826086,0.4122137404580153,0.2234042553191489,0.9869131070654092,0.7671081677704195,0.21333333333333332
0.000149825986052808,0.8,0.04765395894428153,0.0,0.0,0.5114006514657982,0.29454170957775494,0.7238039811219525,0.0,0.10305343511450382,0.5957446808510638,0.8605577689243029,0.30905077262693154,0.3355555555555556
0.0021546617799192264,0.0,0.3713343108504399,0.0,0.21399176954732507,0.5022034872580956,0.4067971163748713,0.2560539788485846,0.13043478260869565,0.1717557251908397,0.6382978723404257,0.9917545009834082,0.21357615894039733,0.4444444444444444
0.0005796343661472849,0.125,0.20564516129032262,0.0,0.049382716049382644,0.4439547806093122,0.19052523171987643,0.4881739399285253,0.13043478260869565,0.3015267175572519,0.6702127659574467,0.9982601240607192,0.1757726269315673,0.37777777777777777
0.0004414977293439083,0.0,0.49230205278592376,1.0,0.33950617283950624,0.4458708564859169,0.5468589083419156,0.18027807836753992,0.17391304347826086,0.16984732824427481,0.40425531914893603,0.9896616067376066,0.32505518763796903,0.4066666666666667
0.0008697325431932693,0.45,0.10923753665689151,0.0,0.10699588477366254,0.6943858976815482,0.3707518022657055,0.3125517191208432,0.17391304347826086,0.4026717557251908,0.276595744680851,1.0,0.1009933774834437,0.6644444444444444
0.025936642827887366,0.0,0.7008797653958944,0.0,0.4526748971193415,0.4443379957846331,0.972193614830072,0.11449590339095564,0.17391304347826086,0.4122137404580153,0.2234042553191489,0.8770235513641637,0.2842163355408388,0.31333333333333335
0.02054009739026286,0.0,0.7008797653958944,1.0,0.4526748971193415,0.812607779268059,0.9814624098867147,0.08285062153879733,0.17391304347826086,0.4122137404580153,0.2234042553191489,0.981617832467598,0.005242825607064016,1.0
0.0037627340848385995,0.0,0.2536656891495601,0.0,0.2222222222222222,0.5468480551829853,0.38311019567456234,0.3265920395747893,0.17391304347826086,0.19083969465648856,0.74468085106383,1.0,0.12113686534216336,0.4444444444444444
0.00100843116794133,0.4,0.218108504398827,0.0,0.12757201646090535,0.6309637861659323,0.41091658084449023,0.285325864561831,0.13043478260869565,0.12786259541984732,0.5319148936170215,1.0,0.03449227373068432,0.6
0.13425644723809899,0.0,0.6466275659824048,0.0,0.5637860082304528,0.39222073194098483,1.0,0.014149442115505275,1.0,0.9141221374045801,0.8085106382978723,0.8365777396742146,0.28697571743929357,0.5088888888888888
0.16103629677819054,0.0,0.6466275659824048,0.0,0.47119341563786005,0.5112090438781377,0.8764160659114315,0.07471196428084279,1.0,0.9141221374045801,0.8085106382978723,0.965757224267487,0.31401766004415005,0.3644444444444444
0.00027885841815230054,0.0,0.14406158357771262,0.0,0.11728395061728394,0.4700134125311363,0.4696189495365603,0.6259945984777529,0.08695652173913043,0.3148854961832061,0.6595744680851064,0.9716072419184023,0.24282560706401762,0.2777777777777778
0.008086781728827779,0.0,0.28152492668621704,0.0,0.3148148148148149,0.41502203487258105,0.685890834191555,0.24251379934345133,0.13043478260869565,0.22900763358778625,0.8936170212765957,0.984996721972868,0.2635209713024282,0.29333333333333333
0.004152641320860498,0.0,0.3713343108504399,1.0,0.21399176954732507,0.3531327840582487,0.8825952626158599,0.230555883930926,0.13043478260869565,0.1717557251908397,0.6382978723404257,0.9958142115083969,0.613962472406181,0.31777777777777777
0.004894465407843643,0.0,0.21041055718475077,0.0,0.2448559670781893,0.5730982946924699,0.19052523171987643,0.20419390919259067,0.30434782608695654,0.22900763358778625,0.5106382978723403,0.9582429774572596,0.05601545253863134,0.5888888888888889
0.0004935378130216652,0.35,0.20527859237536658,0.0,0.1088477366255144,0.4109982755317112,0.2626158599382081,0.5011503241822696,0.0,0.22328244274809161,0.4574468085106382,0.9927379091230016,0.2952538631346578,0.2688888888888889
0.012591452298238458,0.0,0.7008797653958944,1.0,1.0,0.27802260969534387,0.8764160659114315,0.043703225454446264,0.17391304347826086,0.4122137404580153,0.2234042553191489,0.8647939886025519,0.28669977924944806,0.2288888888888889
7.631796288811449e-05,0.9,0.027859237536656895,0.0,0.03703703703703707,0.7066487832918183,0.1956745623069001,0.6881030108485119,0.17391304347826086,0.07442748091603053,0.5638297872340424,0.9975540874476777,0.08498896247240617,0.6755555555555556
0.11034262381830794,0.0,0.6466275659824048,0.0,0.5884773662551441,0.6194673309063039,0.9876416065911431,0.020769489583428072,1.0,0.9141221374045801,0.8085106382978723,1.0,0.5383554083885209,0.18444444444444447
0.0006086329440929897,0.0,0.07331378299120235,0.0,0.2119341563786008,0.49664686721594176,0.6786817713697219,0.1955187370986369,0.08695652173913043,0.011450381679389313,0.5531914893617023,0.9753139341368703,0.315121412803532,0.5466666666666667
0.003280548428299555,0.0,0.21041055718475077,0.0,0.2448559670781893,0.7903812990994444,0.14521112255406798,0.20419390919259067,0.30434782608695654,0.22900763358778625,0.5106382978723403,0.9511069645468758,0.06043046357615894,0.9266666666666667
0.7633423805899254,0.0,0.6466275659824048,0.0,0.6337448559670781,0.4065913010155202,1.0,0.02689848957433459,1.0,0.9141221374045801,0.8085106382978723,0.9699177971657674,0.5863686534216335,0.0
0.0017510420380470336,0.2,0.23826979472140764,0.0,0.16255144032921814,0.5133167273424029,0.1380020597322348,0.3000300084569288,0.08695652173913043,0.06870229007633588,0.6382978723404257,1.0,0.13410596026490063,0.4488888888888889
0.0026380838099365764,0.0,0.2536656891495601,0.0,0.2222222222222222,0.48323433607970884,0.4201853759011329,0.3897734816175467,0.17391304347826086,0.19083969465648856,0.74468085106383,1.0,0.30518763796909487,0.3822222222222222
0.0007172090150059772,0.0,0.49230205278592376,0.0,0.33950617283950624,0.5903429775819123,0.8465499485066941,0.20837690621902535,0.17391304347826086,0.16984732824427481,0.40425531914893603,0.9896111755509607,0.21964679911699775,0.5266666666666666
0.002335284705340729,0.22,0.19794721407624635,0.0,0.09465020576131684,0.5512550296991761,0.061791967044284246,0.5698969709645445,0.2608695652173913,0.2729007633587786,0.6914893617021278,0.9499974784406677,0.05132450331125827,0.44
0.8264345191878418,0.0,0.6466275659824048,0.0,0.6049382716049384,0.4590917800344894,1.0,0.061199065191099314,1.0,0.9141221374045801,0.8085106382978723,0.040672752029855264,0.5212472406181016,0.08444444444444446
0.0015083756435323955,0.0,0.3713343108504399,0.0,0.21399176954732507,0.5391837516765665,0.3027806385169928,0.2560539788485846,0.13043478260869565,0.1717557251908397,0.6382978723404257,0.9720359070048918,0.21109271523178808,0.5133333333333334
0.030658128346357214,0.0,0.7008797653958944,0.0,1.0,0.3901130484767198,0.9474768280123584,0.03601924178632161,0.17391304347826086,0.4122137404580153,0.2234042553191489,0.8864037520802865,0.5441501103752758,0.23111111111111113
0.15008989559163166,0.0,0.6466275659824048,0.0,0.6337448559670781,0.44567924889825633,0.945417095777549,0.059334903472796886,1.0,0.9141221374045801,0.8085106382978723,1.0,0.4034216335540839,0.1711111111111111
0.006980677056100334,0.0,0.28152492668621704,0.0,0.3148148148148149,0.43552404675225137,0.5520082389289392,0.3063590648273604,0.13043478260869565,0.22900763358778625,0.8936170212765957,0.9967724040546675,0.1859823399558499,0.3311111111111111
0.06408753164554117,0.0,0.6466275659824048,0.0,0.3024691358024692,0.6110365970492432,0.741503604531411,0.20024734243286746,1.0,0.9141221374045801,0.8085106382978723,0.9903424277573252,0.16583885209713023,0.41555555555555557
0.0011607299009507488,0.0,0.42045454545454547,0.0,0.3868312757201645,0.6194673309063039,0.8898043254376931,0.11451409033454883,0.0,0.16412213740458015,0.8936170212765957,0.9913006203035958,0.13107064017660044,0.37777777777777777
0.013781630367490659,0.0,0.28152492668621704,0.0,0.3148148148148149,0.4945391837516767,0.9145211122554068,0.25891842246451274,0.13043478260869565,0.22900763358778625,0.8936170212765957,1.0,0.4688189845474613,0.22666666666666666
0.0831469031991501,0.0,0.6466275659824048,0.0,0.4362139917695473,0.3939452002299292,0.9783728115345006,0.029562876810737587,1.0,0.9141221374045801,0.8085106382978723,0.7925765293257351,0.6807395143487858,0.2711111111111111
0.011774883814612315,0.0,0.28152492668621704,0.0,0.3148148148148149,0.454876413105959,0.2718846549948507,0.3063590648273604,0.13043478260869565,0.22900763358778625,0.8936170212765957,0.9746583287104746,0.13383002207505518,0.40222222222222226
0.0009589762288091205,0.0,0.37939882697947214,0.0,0.057613168724279774,0.4797853995018204,0.050463439752832136,0.37807927688712273,0.13043478260869565,0.22519083969465647,0.702127659574468,0.9848958595995765,0.10458057395143486,0.39555555555555555
0.0006847261118032304,0.0,0.10190615835777128,0.0,0.154320987654321,0.5311362329948267,0.14727085478887744,0.37146832289099657,0.13043478260869565,0.4637404580152672,0.4574468085106382,0.9453073780826063,0.15480132450331124,0.39111111111111113
0.0,0.18,0.06781524926686218,0.0,0.3148148148148149,0.5775052692086607,0.6416065911431514,0.26920313906646415,0.0,0.20801526717557253,0.28723404255319157,1.0,0.08967991169977926,0.4222222222222222
0.0004833096324284129,0.33,0.06304985337243403,0.0,0.17901234567901228,0.6300057482276299,0.694129763130793,0.1866980694559376,0.2608695652173913,0.06679389312977099,0.6170212765957446,1.0,0.1600441501103753,0.5155555555555555
0.00037091204349157264,0.0,0.10813782991202348,0.0,0.21399176954732507,0.5449319793063806,0.7312049433573636,0.17845938400822048,0.043478260869565216,0.15839694656488548,0.5531914893617023,0.9915527762368249,0.17853200883002204,0.37777777777777777
0.0012023170088573795,0.3,0.16385630498533724,0.0,0.088477366255144,0.6392029124353326,0.529351184346035,0.4734516090898344,0.21739130434782608,0.21564885496183206,0.4255319148936172,0.9857531897725554,0.266280353200883,0.37777777777777777
0.0008297190015317542,0.0,0.20161290322580647,0.0,0.2345679012345679,0.4385897681548189,0.3975283213182287,0.25503551000736574,0.17391304347826086,0.17557251908396945,0.702127659574468,1.0,0.1942604856512141,0.35555555555555557
7.51939869987461e-05,0.35,0.03885630498533725,0.0,0.11728395061728394,0.7051159225905346,0.47785787847579814,0.5372695941583537,0.0,0.1851145038167939,0.30851063829787234,0.9945534318422513,0.10375275938189846,0.6155555555555556
0.0005468142701777275,0.0,0.1733870967741936,0.0,0.2674897119341564,0.4644567924889827,0.43769309989701344,0.3348761923814893,0.17391304347826086,0.07061068702290077,0.8085106382978723,1.0,0.22102649006622516,0.3111111111111111
0.008812982550948702,0.0,0.3460410557184751,0.0,0.32716049382716056,0.49070703199846716,0.513903192584964,0.13737507843119423,0.13043478260869565,0.22328244274809161,0.6170212765957446,1.0,0.1172737306843267,0.38
0.018548749307068863,0.0,0.7008797653958944,0.0,1.0,0.49070703199846716,0.972193614830072,0.04441251625458085,0.17391304347826086,0.4122137404580153,0.2234042553191489,0.9392304200917848,0.34133554083885204,0.36666666666666664
0.000488817114286318,0.21,0.18988269794721407,0.0,0.1111111111111111,0.4669476911285688,0.19052523171987643,0.5169729651083488,0.13043478260869565,0.10687022900763359,0.44680851063829796,1.0,0.18487858719646796,0.40888888888888886
0.0003141512610784684,0.0,0.1733870967741936,0.0,0.2674897119341564,0.4422303123203679,0.446961894953656,0.37296874573743505,0.17391304347826086,0.07061068702290077,0.8085106382978723,1.0,0.222682119205298,0.32222222222222224
0.27410939522454114,0.0,0.6466275659824048,0.0,0.648148148148148,0.2090438781375743,1.0,0.030699560785312236,1.0,0.9141221374045801,0.8085106382978723,1.0,0.732615894039735,0.12222222222222222
0.5141040990501504,0.0,0.6466275659824048,0.0,0.6337448559670781,0.18356006897873162,1.0,0.04806809191681292,1.0,0.9141221374045801,0.8085106382978723,0.22177114327500128,0.972682119205298,0.044444444444444446
0.00027166497246034274,0.55,0.1217008797653959,0.0,0.20370370370370366,0.6347959379191416,0.25952626158599384,0.4852094681228346,0.17391304347826086,0.34923664122137404,0.5319148936170215,0.9774824751626408,0.07947019867549669,0.5822222222222222
0.006838044515739484,0.0,0.21041055718475077,0.0,0.25102880658436216,0.5857443954780611,0.8022657054582903,0.1948276332420955,0.30434782608695654,0.22900763358778625,0.5106382978723403,1.0,0.16197571743929357,0.5577777777777778
0.009505688891566449,0.0,0.28152492668621704,0.0,0.3148148148148149,0.4606246407357732,0.8887744593202884,0.2621375114805081,0.13043478260869565,0.22900763358778625,0.8936170212765957,0.988980785717888,0.33388520971302427,0.3244444444444445
0.12478133049072337,0.0,0.6466275659824048,0.0,0.5823045267489713,0.25771220540333395,1.0,0.004055688421282359,1.0,0.9141221374045801,0.8085106382978723,1.0,0.9116997792494482,0.19555555555555557
0.1077824315375046,0.0,0.6466275659824048,0.0,0.6337448559670781,0.5447403717187201,1.0,0.04632214533186626,1.0,0.9141221374045801,0.8085106382978723,0.9475767814816684,0.5126931567328917,0.15777777777777777
0.0005735648963446954,0.0,0.14772727272727276,0.0,0.13168724279835392,0.5880436865299866,0.5478887744593204,0.3008211405032328,0.08695652173913043,0.11450381679389313,0.6276595744680851,0.988400827071461,0.13245033112582782,0.48000000000000004
0.00023569774400055386,0.0,0.2423020527859238,0.0,0.17283950617283944,0.6943858976815482,0.5993820803295572,0.34896198019441843,0.043478260869565216,0.1049618320610687,0.5531914893617023,0.9897372535175752,0.06346578366445917,0.66
0.27869409287727487,0.0,0.6466275659824048,0.0,0.6337448559670781,0.3425943667369229,0.9588053553038105,0.052123780338095296,1.0,0.9141221374045801,0.8085106382978723,1.0,0.49779249448123614,0.07333333333333335
0.001889853060384031,0.0,0.3713343108504399,1.0,0.21399176954732507,0.45966660279747085,0.9186405767250256,0.2498431376115087,0.13043478260869565,0.1717557251908397,0.6382978723404257,0.9907963084371376,0.4288079470198675,0.3711111111111111
0.002782402314131479,0.0,0.2364369501466276,0.0,0.12962962962962962,0.3521747461199464,0.9515962924819773,0.43106693704589477,0.08695652173913043,0.08778625954198473,0.5638297872340424,1.0,0.8024282560706401,0.2088888888888889
0.0017133888457531922,0.0,0.37939882697947214,0.0,0.057613168724279774,0.45985821038513136,0.15036045314109167,0.37807927688712273,0.13043478260869565,0.22519083969465647,0.702127659574468,0.94966967572747,0.22488962472406182,0.3711111111111111
0.11138859578095418,0.0,0.6466275659824048,0.0,0.6337448559670781,0.43897298333014,0.7713697219361483,0.0337185934217825,1.0,0.9141221374045801,0.8085106382978723,0.8518836048212216,0.7792494481236202,0.028888888888888884
0.012874019836825675,0.0,0.28152492668621704,0.0,0.3148148148148149,0.4100402375934087,0.9485066941297631,0.2416681064663678,0.13043478260869565,0.22900763358778625,0.8936170212765957,0.9038529426597408,0.4586092715231788,0.18
0.14382373000840284,0.0,0.6466275659824048,0.0,0.7304526748971193,0.43935619850546087,0.9649845520082388,0.06965599396193473,1.0,0.9141221374045801,0.8085106382978723,0.6056785516163196,0.6087196467991169,0.12888888888888891
0.00031853476704700516,0.35,0.20527859237536658,0.0,0.1088477366255144,0.4732707415213642,0.21009268795056646,0.5011503241822696,0.0,0.22328244274809161,0.4574468085106382,0.9126279691361139,0.16832229580573949,0.31999999999999995
0.0014980350653502061,0.0,0.2969208211143695,0.0,0.2777777777777778,0.4993293734431884,0.8970133882595263,0.11743309478125652,0.17391304347826086,0.37595419847328243,0.8829787234042552,0.9893842352110546,0.2924944812362031,0.3355555555555556
0.23277405791712882,0.0,0.6466275659824048,0.0,0.5637860082304528,0.11055757808009198,1.0,0.004410333821349652,1.0,0.9141221374045801,0.8085106382978723,0.9327247970144739,0.5963024282560706,0.15333333333333335
0.0002830171289429636,0.95,0.03702346041055719,0.0,0.03703703703703707,0.6541483042728492,0.12770339855818744,0.5932399130664097,0.08695652173913043,0.41030534351145037,0.46808510638297873,1.0,0.0780905077262693,0.6644444444444444
0.0003491069112378256,0.0,0.1733870967741936,0.0,0.2674897119341564,0.5267292584786357,0.36663233779608656,0.48457292509707284,0.17391304347826086,0.07061068702290077,0.8085106382978723,0.9810883050078169,0.13852097130242824,0.34888888888888886
0.000825672688330028,0.4,0.218108504398827,0.0,0.12757201646090535,0.5596857635562369,0.30072090628218334,0.27377715538015257,0.13043478260869565,0.12786259541984732,0.5319148936170215,1.0,0.15066225165562916,0.5355555555555556
8.182544474601964e-05,0.75,0.12976539589442818,0.0,0.05144032921810693,0.4458708564859169,0.4603501544799177,0.5628949976811647,0.08695652173913043,0.5381679389312977,0.9042553191489363,1.0,0.3606512141280353,0.3088888888888889
0.5746830275594392,0.0,0.6466275659824048,0.0,0.4362139917695473,0.4207702625023951,1.0,0.02577089907155654,1.0,0.9141221374045801,0.8085106382978723,0.005749155277623683,0.23123620309050769,0.2222222222222222
0.06538943291819659,0.0,0.6466275659824048,0.0,0.3024691358024692,0.5136999425177238,0.6364572605561278,0.20865880384471988,1.0,0.9141221374045801,0.8085106382978723,1.0,0.24862030905077262,0.4
0.001989999312126756,0.0,1.0,0.0,0.46090534979423864,0.3550488599348534,0.9824922760041195,0.05690694650310543,0.13043478260869565,1.0,0.7978723404255321,0.866735589288416,0.6136865342163355,0.044444444444444446
0.0010701374442676553,0.0,0.4534457478005865,0.0,0.10699588477366254,0.5207894232611612,0.737384140061792,0.26576580672735045,0.17391304347826086,0.4026717557251908,0.648936170212766,0.9413989611175552,0.282560706401766,0.3333333333333333
0.0013613595972030083,0.0,0.2364369501466276,0.0,0.12962962962962962,0.6148687488024526,0.0,0.41750857059716834,0.08695652173913043,0.08778625954198473,0.5638297872340424,0.9710272832719755,0.0858167770419426,0.48000000000000004
0.07637247571874886,0.0,0.6466275659824048,0.0,0.6748971193415637,0.482851120904388,0.839340885684861,0.14439523865816728,1.0,0.9141221374045801,0.8085106382978723,1.0,0.35789183222958054,0.3333333333333333
0.0011683729369984539,0.25,0.1711876832844575,0.0,0.13991769547325103,0.5547039662770648,0.6683831101956745,0.5543289472487701,0.30434782608695654,0.1851145038167939,0.7553191489361701,1.0,0.1379690949227373,0.3822222222222222
0.0571412482516555,0.0,0.6466275659824048,0.0,0.6748971193415637,0.5242383598390497,0.9155509783728115,0.11263174167265319,1.0,0.9141221374045801,0.8085106382978723,0.9702203842856423,0.4288079470198675,0.2466666666666667
0.0018556841933472315,0.0,0.2364369501466276,0.0,0.12962962962962962,0.40639969342785986,0.31822863027806386,0.3610835780992825,0.08695652173913043,0.08778625954198473,0.5638297872340424,1.0,0.23399558498896247,0.31777777777777777
0.05215888792926325,0.0,0.6466275659824048,0.0,0.47119341563786005,0.6551063422111517,0.666323377960865,0.12760868972164885,1.0,0.9141221374045801,0.8085106382978723,0.943970951636492,0.2740066225165563,0.5511111111111111
0.0453197194376344,0.0,0.6466275659824048,0.0,0.3024691358024692,0.5112090438781377,0.9042224510813595,0.17911411397757548,1.0,0.9141221374045801,0.8085106382978723,0.996041151848303,0.3073951434878587,0.3244444444444445
0.0004396993679209189,0.0,0.10190615835777128,0.0,0.154320987654321,0.4949223989269976,0.30175077239958814,0.4313943020305722,0.13043478260869565,0.4637404580152672,0.4574468085106382,0.9285642241161934,0.2030905077262693,0.3288888888888889
0.0009213230365152789,0.125,0.27162756598240473,0.0,0.2860082304526749,0.4696301973558153,0.6560247167868177,0.40292264183542637,0.17391304347826086,0.2366412213740458,0.276595744680851,0.9967219728680217,0.2952538631346578,0.39777777777777773
0.000538721643774275,0.0,0.1315982404692082,0.0,0.257201646090535,0.5276872964169382,0.7260556127703399,0.19895606943775063,0.17391304347826086,0.20801526717557253,0.4255319148936172,0.9967219728680217,0.12582781456953643,0.4355555555555556
0.0025106249440821995,0.0,0.3713343108504399,0.0,0.21399176954732507,0.5297949798812033,0.5108135942327497,0.2932917458556502,0.13043478260869565,0.1717557251908397,0.6382978723404257,0.9948812345554492,0.2549668874172185,0.43111111111111106
0.004224126187424328,0.0,0.21041055718475077,0.0,0.2448559670781893,0.8582103851312511,0.8609680741503605,0.18969891514881468,0.30434782608695654,0.22900763358778625,0.5106382978723403,0.9759947551565888,0.03863134657836644,0.7244444444444444
0.04235882975227121,0.0,0.6466275659824048,0.0,0.5555555555555556,0.45813374209618707,0.8424304840370752,0.15839918522492705,1.0,0.9141221374045801,0.8085106382978723,0.05469262191739372,0.4254966887417218,0.3111111111111111
0.11195047132804944,0.0,0.6466275659824048,0.0,0.7304526748971193,0.5602605863192184,1.0,0.07718538860951722,1.0,0.9141221374045801,0.8085106382978723,0.9743557415905997,0.47240618101545256,0.23111111111111113
0.0009704407828806782,0.34,0.20637829912023462,0.0,0.09876543209876541,0.5621766621958231,0.15962924819773427,0.39666633323936745,0.2608695652173913,0.27099236641221375,0.37234042553191504,0.9664884764738515,0.19150110375275936,0.4755555555555555
0.106859872127511,0.0,0.6466275659824048,0.0,0.6748971193415637,0.6068212301207128,0.9392378990731204,0.12426229210050108,1.0,0.9141221374045801,0.8085106382978723,0.016037117353371325,0.4685430463576159,0.22
8.41857941136933e-05,0.8,0.0,0.0,0.07613168724279831,0.8265951331672735,0.2996910401647786,0.41091580354463525,0.13043478260869565,0.1297709923664122,0.19148936170212774,0.9932674365827829,0.03421633554083885,1.0
0.002399126535856854,0.0,0.2364369501466276,0.0,0.12962962962962962,0.39107108641502214,0.6086508753861999,0.4508634251470869,0.08695652173913043,0.08778625954198473,0.5638297872340424,1.0,0.3992825607064017,0.31999999999999995
0.0013428139950284299,0.45,0.10923753665689151,0.0,0.10699588477366254,0.5738647250431118,0.2698249227600412,0.3125517191208432,0.17391304347826086,0.4026717557251908,0.276595744680851,0.9645468757879873,0.0780905077262693,0.5511111111111111
0.010671589081608292,0.0,0.28152492668621704,0.0,0.3148148148148149,0.4763364629239318,0.8846549948506693,0.30224881557529854,0.13043478260869565,0.22900763358778625,0.8936170212765957,0.7717484492410107,0.429083885209713,0.2177777777777778
0.002138364129523385,0.22,0.19794721407624635,0.0,0.09465020576131684,0.5106342211151562,0.7857878475798147,0.6298047631605271,0.2608695652173913,0.2729007633587786,0.6914893617021278,0.947652428261637,0.23233995584988962,0.34444444444444444
0.0006329108233033472,0.0,0.42045454545454547,0.0,0.3868312757201645,0.5809542057865492,0.6817713697219361,0.12267093453609655,0.0,0.16412213740458015,0.8936170212765957,0.9876191436784508,0.21909492273730682,0.38666666666666666
0.0016259435215603304,0.0,0.35007331378299117,0.0,0.3333333333333334,0.4713546656447596,0.8208032955715756,0.14711418672534987,0.21739130434782608,0.4675572519083969,0.5531914893617023,0.9939734731958243,0.23647902869757173,0.31555555555555553
0.004511526822335829,0.0,0.21041055718475077,1.0,0.25102880658436216,0.49875455068020697,0.9104016477857878,0.17444916294592114,0.30434782608695654,0.22900763358778625,0.5106382978723403,0.9958142115083969,0.5444260485651214,0.3711111111111111
0.16201527977783042,0.0,0.6466275659824048,0.0,0.7304526748971193,0.555662004215367,0.9309989701338826,0.07938600878429378,1.0,0.9141221374045801,0.8085106382978723,0.06851076705834888,0.45033112582781454,0.10222222222222221
0.0006270661486786314,0.4,0.028958944281524932,0.0,0.09053497942386828,0.5612186242575207,0.42739443872296606,0.6967872764142622,0.0,0.2824427480916031,0.7553191489361701,1.0,0.1172737306843267,0.39777777777777773
0.007309552401329528,0.2,0.12866568914956014,0.0,0.5390946502057613,0.6286644951140066,1.0,0.08012257999981813,0.17391304347826086,0.14694656488549618,0.042553191489361736,0.9874678501185133,0.14266004415011035,0.5577777777777778
0.0008579307963549011,0.0,0.4934017595307918,0.0,0.10699588477366254,0.4916650699367695,0.15962924819773427,0.39766661513699314,0.13043478260869565,0.1946564885496183,0.3617021276595745,1.0,0.18901766004415008,0.42
0.0002097339009561438,0.0,0.05241935483870968,0.0,0.27366255144032925,0.5707990036405443,0.5849639546858909,0.4671589266065891,0.0,0.4484732824427481,0.3510638297872341,0.9825003782338998,0.1909492273730684,0.25555555555555554
0.0009209858437484686,0.0,0.37939882697947214,0.0,0.057613168724279774,0.5472312703583062,0.03810504634397528,0.37807927688712273,0.13043478260869565,0.22519083969465647,0.702127659574468,0.9667910635937265,0.13769315673289184,0.42666666666666664
0.001142071901187233,0.0,0.2969208211143695,0.0,0.2777777777777778,0.5046943858976817,0.5303810504634398,0.14987860215151544,0.17391304347826086,0.37595419847328243,0.8829787234042552,0.9914014826768874,0.31098233995584984,0.3711111111111111
0.0013147145977942195,0.0,0.35007331378299117,0.0,0.3333333333333334,0.45066104617742875,0.9268795056642637,0.11128590784675683,0.21739130434782608,0.4675572519083969,0.5531914893617023,0.9950829593020324,0.3995584988962472,0.3066666666666667
0.0008140957366695335,0.45,0.10923753665689151,0.0,0.10699588477366254,0.6171680398543783,0.3934088568486097,0.24179541507152016,0.17391304347826086,0.4026717557251908,0.276595744680851,0.992359675223158,0.1365894039735099,0.6
0.0038890689748036075,0.0,0.7855571847507332,0.0,0.49176954732510286,0.5543207511017436,0.9835221421215242,0.06549118387909321,0.13043478260869565,0.4770992366412214,0.9148936170212765,0.9928892026829391,0.35485651214128033,0.2688888888888889
0.00033179768254155224,0.8,0.10667155425219943,0.0,0.026748971193415662,0.5228971067254264,0.15345005149330587,0.4984950304176632,0.13043478260869565,0.2862595419847328,0.37234042553191504,1.0,0.08112582781456953,0.4111111111111111
